0,1,2,24,25,27
1,0,25,27,28
2,0,12,23,24,26
3,4,6,20,125,252,253
4,3,6,7,125
5,6,18,19,20,21,35
6,3,4,5,7,19,20,35
7,4,6,19,22,37,125
8,9,13,17,18,21
9,8,10,11,13,14,16,17
10,9,11,12,14,15
11,9,10,12,15,16,23
12,2,10,11,15,23,26
13,8,9,14,21,33,36,39
14,9,10,13,15,16,33
15,10,11,12,14,16,23,26
16,9,11,14,15,17,33
17,8,9,16,18,33,39
18,5,8,17,19,21,38,39
19,5,6,7,18,37,38
20,3,5,6,34,35,217,235,252
21,5,8,13,18,35,36
22,7,37,41,67,70,73,125
23,2,11,12,15,24,26
24,0,2,23,26,27
25,0,1,27,28,29
26,2,12,15,23,24
27,0,1,24,25,28,29
28,1,25,27,29,31,32
29,25,27,28,31,32
30,31,32
31,28,29,30,32
32,28,29,30,31
33,13,14,16,17,36,39
34,20,35,42,43,217,235
35,5,6,20,21,34,36,40,42
36,13,21,33,35,39,40
37,7,19,22,38,40,41,42
38,18,19,37,39,40
39,13,17,18,33,36,38,40
40,35,36,37,38,39,42
41,22,37,42,43,65,67
42,34,35,37,40,41,43
43,34,41,42,65,210,213,217
44,75
45,46,47,87,88,89,95
46,45,47,48,49,55,95,96
47,45,46,55,59,69,71,88
48,46,49,54,55,58,201,205,206
49,46,48,53,54,90,93,96
50,51,52,91,92,163,202
51,50,52,56,92,202
52,50,51,53,56,57,92,93,198
53,49,52,54,57,93,198
54,48,49,53,57,200,203,206
55,46,47,48,58,59,62
56,51,52,198,199,202
57,52,53,54,198,200
58,48,55,62,195,201
59,47,55,61,62,69
60,61,62,63,68,69,193
61,59,60,62,69
62,55,58,59,60,61,193,195
63,60,64,66,68,192,193
64,63,65,66,191,192
65,41,43,64,66,67,191,210
66,63,64,65,67,68,70
67,22,41,65,66,70
68,60,63,66,69,70,72,118
69,47,59,60,61,68,71,72
70,22,66,67,68,73,118
71,47,69,72,88,120,121
72,68,69,71,118,120,122,123
73,22,70,118,125,126
74,81,82,83,84,86,108,109
75,44,76,78,79,112
76,75,77,78,114,116
77,76,113,114
78,75,76,79,112,114,116
79,75,78,80,111,112
80,79,81,110,111
81,74,80,82,109,110,111
82,74,81,84,108,109,110
83,74,85,86,107,108,109
84,74,82,86,87,107,108
85,83,86,87,88,106,107
86,74,83,84,85,87,107
87,45,84,85,86,88,89,104,107
88,45,47,71,85,87,105,106,121
89,45,87,95,98,104
90,49,93,94,96,97,103,150
91,50,92,94,103,163
92,50,51,52,91,93,94
93,49,52,53,90,92,94
94,90,91,92,93,103
95,45,46,89,96,98,99,104
96,46,49,90,95,97,99,100
97,90,96,100,150,155,159
98,89,95,99,102,104,105,121
99,95,96,98,100,101,102
100,96,97,99,101,153,154,155
101,99,100,102,123,124,129,153
102,98,99,101,120,121,123
103,90,91,94,150,151,163
104,87,89,95,98,105,106,107
105,88,98,104,106,121
106,85,88,104,105,107
107,83,84,85,86,87,104,106,108
108,74,82,83,84,107,109
109,74,81,82,83,108,110,111
110,80,81,82,109,111
111,79,80,81,109,110
112,75,78,79,116
113,77,114
114,76,77,78,113,115,116
115,114
116,76,78,112,114,117
117,116
118,68,70,72,73,119,122,126
119,118,122,126,127,132,134,135
120,71,72,102,121,122,123
121,71,88,98,102,105,120
122,72,118,119,120,123,124,132
123,72,101,102,120,122,124
124,101,122,123,129,132,153
125,3,4,7,22,73,126,127,253
126,73,118,119,125,127,253
127,119,125,126,128,134,253
128,127,134,180,238,250,253
129,101,124,130,131,132,153
130,129,131,133,152,153,154,156
131,129,130,132,133,181,182
132,119,122,124,129,131,135,181
133,130,131,156,168,182,187
134,119,127,128,135,180,183
135,119,132,134,181,183
136,139
137,138
138,137,139,140,176,177
139,136,138,141,177
140,138,176
141,139,142,177,178,179
142,141,143,178,179
143,142,144,173,174,178
144,143,145,171,172,173,174
145,144,146,167,171,172
146,145,166,167,170,171
147,148,149,164,165,167,169,170
148,147,149,156,157,164
149,147,148,156,168,169
150,90,97,103,151,159,161,162
151,103,150,161,163,204
152,130,154,155,156,157,158
153,100,101,124,129,130,154
154,100,130,152,153,155
155,97,100,152,154,157,158,159
156,130,133,148,149,152,157,168
157,148,152,155,156,158,160,164
158,152,155,157,159,160,205,206
159,97,150,155,158,162,203,206
160,157,158,164,205,207,208
161,150,151,162,203,204
162,150,159,161,203,204,206
163,50,91,103,151,202,204
164,147,148,157,160,165,208
165,147,164,166,167,168,169,170,208
166,146,165,167,170,171,172
167,145,146,147,165,166,170,172
168,133,149,156,165,169,182,187,208
169,147,149,165,168,170
170,146,147,165,166,167,169
171,144,145,146,166,172,173
172,144,145,166,167,171,173,174
173,143,144,171,172,174
174,143,144,172,173,178
175,176
176,138,140,175,177
177,138,139,141,176,179
178,141,142,143,174,179
179,141,142,177,178,209
180,128,134,183,184,185,238
181,131,132,135,182,183,186
182,131,133,168,181,186,187,188
183,134,135,180,181,185,186
184,180,185,189,219,238
185,180,183,184,186,189,190
186,181,182,183,185,188,190,196
187,133,168,182,188,197,207,208
188,182,186,187,194,196,197
189,184,185,190,191,212,219
190,185,186,189,191,192,196
191,64,65,189,190,192,210,212
192,63,64,190,191,193,196
193,60,62,63,192,194,195,196
194,188,193,195,196,197
195,58,62,193,194,197,201
196,186,188,190,192,193,194
197,187,188,194,195,201,207
198,52,53,56,57,199,200
199,56,198,200,202,203,204
200,54,57,198,199,203,206
201,48,58,195,197,205,207
202,50,51,56,163,199,204
203,54,159,161,162,199,200,204,206
204,151,161,162,163,199,202,203
205,48,158,160,201,206,207
206,48,54,158,159,162,200,203,205
207,160,187,197,201,205,208
208,160,164,165,168,187,207
209,179
210,43,65,191,212,213
211,212,213,214,216,218,219,220
212,189,191,210,211,213,219,220
213,43,210,211,212,217,218
214,211,215,216,218,234,236
215,214,216,221,233,234,236,241
216,211,214,215,220,234,239
217,20,34,43,213,218,235
218,211,213,214,217,235,236,237
219,184,189,211,212,220,238
220,211,212,216,219,238,239,250
221,215,233,241,242,243,245
222,223,224,225,226
223,222,224,225
224,222,223,225
225,222,223,224,226,227,228,229
226,222,225,227,228,229
227,225,226,228,229,230,255
228,225,226,227,229,230,254,255
229,225,226,227,228,254,255
230,227,228,231,232,244,255
231,230,232,244,246
232,230,231,244,246,247
233,215,221,234,240,242,249
234,214,215,216,233,239,240,251
235,20,34,217,218,237,252
236,214,215,218,237,241,251
237,218,235,236,239,251,252
238,128,180,184,219,220,250
239,216,220,234,237,250,251,252
240,233,234,241,249,251
241,215,221,236,240,245,249,251
242,221,233,243,244,247,248,249
243,221,242,244,245,246,247,248
244,230,231,232,242,243,246,247,248
245,221,241,243,248,249
246,231,232,243,244,247,248
247,232,242,243,244,246,248,249
248,242,243,244,245,246,247,249
249,233,240,241,242,245,247,248
250,128,220,238,239,252,253
251,234,236,237,239,240,241
252,3,20,235,237,239,250,253
253,3,125,126,127,128,250,252
254,228,229,255
255,227,228,229,230,254
