6574,6575,6576,6577,6578,6579,6580,6581,6582,6583,6584,6585,6586,6588,6590,6592,6593,6594,6595,6596,6597,6598,6599,6600,6601,6602,6603,6604,6605,6606,6607,6608,6609,6610,6727,6728,6729,6730,6731,6773,6775,6778,6779,6780,6781,6784,6785,6786,6788,6790,6791,6792,6793,6794,6795,6813,6815,6816,6832,6833,6834,6835,6836,6869
6727,6728,6729,6730,6731,6771,6772,6773,6774,6775,6776,6777,6778,6779,6780,6781,6782,6783,6784,6785,6786,6787,6788,6789,6790,6791,6792,6793,6794,6795,6796,6813,6814,6816,6820,6821,6822,6823,6824,6825,6826,6827,6828,6829,6831,6834,6835,6836,6841,6845,6846,6847,6849,6850,6851,6852,6853,6854,6855,6856,6857,6858,6859,6860,6861,6862,6863,6864,6865,6866,6867,6868
4590,4593,4598,4601,4608,4609,4610,4611,4612,4613,4614,4615,4616,4617,4618,4619,4620,4621,4622,4643,4644,4944,4945,5002,5003,6574,6575,6576,6577,6578,6579,6580,6581,6582,6583,6584,6585,6586,6587,6588,6589,6592,6594,6595,6596,6597,6598,6600,6601,6602,6603,6604,6605,6606,6607,6610
836,837,838,839,871,882,884,885,1476,1539,1540,3102,3119,3120,3140,3141,3481,3484,4318,4319,4320,4321,4322,4323,4324,4325,4326,4327,4339,4356,4357,4368,4369,4370,4371,4383,4384,4713,4729,4730,6511,6512,6513,6519,6527,6528,6530,6531,6539,6540,6541,6559,6560,6561
4318,4319,4320,4321,4322,4324,4325,4338,4339,4369,4370,4371,4713,4730,4746,6504,6505,6506,6507,6511,6512,6513,6516,6517,6518,6519,6520,6526,6527,6528,6530,6531,6538,6539,6540,6557,6558,6559,6560
4340,4383,4384,4385,4386,4387,4419,4421,4422,4438,4439,4442,4448,4451,4452,4453,4454,4455,4458,4471,4473,4474,4475,4476,4477,4478,4479,4480,4511,4512,4656,4928,4929,4930,4931,4932,4933,4934,4935,4988,4989,4990
4318,4319,4320,4321,4322,4323,4324,4325,4337,4338,4339,4340,4356,4357,4383,4384,4385,4386,4387,4388,4389,4419,4421,4422,4430,4448,4452,4453,4454,4458,4713,4746,4836,4930,4931,4932,4933,4935,6505
4296,4318,4320,4321,4333,4334,4335,4336,4337,4338,4339,4389,4430,4711,4712,4745,4746,4801,4919,4920,6504,6505,6506,6507,6508,6509,6510,6511,6514,6515,6516,6517,6518,6520,6526,6527,6534,6538,6550,6551,6557,6558,6559
4481,4482,4483,4484,4485,4486,4487,4488,4489,4490,4491,4499,4500,4501,4502,4509,4511,4512,4521,4522,4523,4524,4525,4526,4527,4535,4536,4537,4542,4543,4544,4546,4547,4548,4549,4550,4551,4654,4655,4656,4991,4992,4993,4994,4995
4481,4482,4485,4486,4491,4500,4501,4535,4536,4537,4542,4543,4544,4545,4546,4547,4548,4549,4550,4551,4552,4554,4555,4564,4565,4566,4567,4574,4575,4576,4577,4578,4579,4634,4635,4636,4637,4638,4639,4641,4665,4666,4667,4668,4669,4937,4939,4941,4942,4993,4994,4995,4996,4997,4998,4999
4564,4565,4566,4567,4572,4573,4574,4575,4576,4577,4578,4579,4590,4591,4592,4593,4594,4595,4596,4597,4613,4637,4638,4639,4640,4641,4642,4662,4663,4667,4844,4845,4937,4940,4996,4997,4998,4999,5000,5001,5002
4566,4567,4568,4571,4576,4577,4578,4579,4580,4581,4582,4583,4586,4594,4595,4596,4597,4598,4599,4600,4601,4603,4612,4613,4614,4615,4619,4665,4666,4667,4668,4669,4937,4938,4939,4940,4941,4942,4943,4944,4945,4946,4947
4572,4573,4574,4575,4578,4579,4590,4591,4592,4593,4594,4595,4596,4597,4608,4609,4610,4611,4612,4613,4614,4615,4616,4617,4619,4620,4640,4641,4642,4643,4844,4845,4846,4937,4938,4940,4944,4945,4947,4999,5000,5001,5002,5003,6577,6578,6579,6580,6583,6596
4441,4442,4499,4500,4501,4502,4503,4504,4505,4506,4513,4514,4515,4527,4528,4529,4530,4533,4534,4542,4543,4544,4545,4629,4631,4632,4633,4634,4635,4636,4657,4658,4659,4660,4673,4842,4843,4990,4991,4992,4993,4994,4995,6871
4500,4505,4506,4533,4534,4540,4541,4542,4543,4544,4545,4556,4557,4558,4559,4564,4565,4575,4584,4585,4587,4588,4589,4634,4635,4636,4637,4638,4639,4640,4641,4661,4662,4663,4664,4842,4843,4844,4996,6870,6871,6872
4557,4559,4560,4561,4562,4563,4568,4569,4571,4572,4575,4580,4581,4582,4583,4584,4585,4586,4587,4588,4589,4592,4593,4599,4602,4603,4604,4607,4637,4638,4640,4641,4642,4643,4661,4662,4663,4844,4845,4846,4847,4943
4493,4495,4498,4537,4538,4539,4540,4551,4552,4553,4554,4555,4556,4557,4558,4559,4568,4569,4570,4571,4580,4581,4582,4583,4584,4585,4586,4587,4588,4589,4661,4664,4665,4666,4667,4668,4669,4939,4941,4942,4943,6872
4461,4465,4485,4486,4487,4489,4490,4491,4492,4493,4494,4495,4496,4497,4498,4507,4508,4509,4510,4517,4518,4519,4520,4521,4522,4523,4531,4535,4536,4537,4538,4539,4540,4550,4551,4552,4553,4554,4555,4556,4569,4570,4653,4654,4665,4666,4669
4444,4447,4455,4456,4457,4458,4459,4460,4461,4464,4465,4466,4467,4468,4469,4470,4471,4472,4473,4474,4475,4476,4478,4483,4487,4488,4489,4490,4494,4507,4508,4509,4510,4512,4519,4520,4521,4522,4523,4524,4525,4654,4655,4656,4931,4934,4935
4321,4333,4334,4335,4336,4337,4338,4339,4340,4358,4383,4386,4387,4388,4389,4390,4391,4430,4443,4444,4447,4448,4455,4456,4457,4458,4459,4460,4466,4467,4470,4471,4473,4712,4713,4745,4746,4931,4932,4934,4935
836,838,839,870,871,897,899,900,933,934,936,1137,1138,1139,1140,1222,1353,1361,1362,1363,1364,1476,1514,1515,1533,1534,1539,1540,3102,3126,3127,3170,3172,4322,4323,4324,4356,4357,4383,4384,4385,4419,4420,4421,4422,4453,4454,4623,4624,4625,4626,4706,4713,4834,4835,4836,4837,4926,4928,4986,5004,5005,6547,6548
4438,4439,4440,4441,4442,4451,4452,4472,4473,4474,4475,4476,4477,4478,4479,4480,4481,4483,4484,4488,4499,4500,4501,4502,4511,4512,4513,4514,4523,4524,4525,4526,4527,4528,4631,4632,4633,4654,4655,4656,4929,4930,4988,4989,4990,4991,4992,4993
4295,4296,4297,4298,4303,4304,4310,4311,4333,4334,4352,4353,4354,4355,4359,4418,4423,4711,4712,4745,4801,4802,4919,4920,4927,4949,4950,4984,5249,5250,5251,5255,5256,5257,5258,5259,5260,6508,6509,6510,6514,6515,6549,6550,6551,6554,6570
4560,4561,4562,4563,4580,4581,4582,4583,4598,4599,4600,4601,4602,4603,4604,4605,4607,4611,4612,4614,4615,4616,4617,4618,4619,4620,4621,4622,4938,4939,4941,4943,4944,4945,4946,4947,6584,6587,6588,6589
4593,4598,4601,4602,4604,4605,4606,4607,4608,4609,4618,4620,4621,4622,4643,4644,4847,4848,6574,6575,6576,6577,6584,6585,6586,6587,6588,6589,6590,6591,6592,6593,6596,6597,6598,6599,6604,6605,6607,6608,6609,6610,6719,6720,6721,6722,6723,6724,6725,6726,6728,6832,6833
6598,6599,6609,6732,6733,6788,6789,6793,6794,6795,6796,6801,6802,6803,6804,6805,6806,6807,6808,6809,6810,6811,6812,6813,6814,6815,6816,6817,6818,6820,6821,6827,6828,6829,6830,6831,6832,6833,6834,6835,6836,6837,6838,6839,6841,6842,6843,6844,6845,6846,6847,6848,6849,6850,6851,6852,6854,6855,6856,6861,6862,6863
4560,4561,4562,4563,4590,4592,4593,4598,4599,4602,4603,4604,4605,4606,4607,4608,4609,4621,4622,4640,4642,4643,4644,4845,4846,4847,4848,5003,6574,6577,6587,6589,6591,6592,6596,6719,6721
6575,6585,6586,6589,6590,6591,6592,6593,6598,6599,6604,6607,6608,6609,6719,6720,6721,6722,6723,6724,6725,6726,6727,6728,6732,6733,6734,6735,6764,6765,6766,6767,6768,6770,6771,6773,6774,6777,6778,6779,6780,6781,6799,6800,6801,6802,6805,6810,6812,6815,6816,6817,6818,6832,6833,6834,6869
6711,6715,6716,6718,6728,6734,6735,6740,6742,6743,6744,6745,6746,6747,6748,6749,6755,6756,6757,6758,6759,6760,6761,6762,6763,6765,6766,6767,6768,6769,6770,6771,6772,6773,6774,6777,6778,6779,6780,6799,6800,6819,6820,6821,6822,6837,6838,6839,6840,6841,6842,6843,6844,6845,6846,6847,6848,6849,6850,6851,6852,6869
6732,6733,6734,6735,6736,6737,6738,6739,6740,6741,6742,6743,6744,6745,6750,6751,6752,6753,6754,6755,6758,6759,6760,6761,6764,6765,6766,6767,6770,6797,6798,6799,6800,6801,6802,6803,6804,6805,6806,6807,6808,6809,6810,6817,6818,6830,6837,6838,6839,6842,6843,6844,6847,6848,6849
6611,6612,6613,6614,6615,6616,6617,6618,6619,6620,6621,6622,6631,6632,6633,6634,6635,6636,6637,6638,6639,6640,6641,6642,6643,6644,6645,6646,6647,6648,6649,6650,6651,6652,6653,6654,6655,6656,6657,6658,6659,6660,6661,6662,6663,6664,6665,6666,6691,6692,6693,6695,6696,6697,6698,6699,6700,6701,6702,6703,6704,6705,6706,6707,6708,6739,6741,6754,6758
6611,6614,6623,6624,6625,6626,6627,6628,6629,6630,6646,6648,6652,6653,6655,6656,6658,6660,6661,6663,6664,6665,6666,6667,6668,6669,6670,6671,6672,6673,6674,6675,6676,6677,6678,6679,6680,6681,6682,6683,6684,6685,6686,6687,6688,6689,6690,6692,6696,6700,6701,6703,6704,6706,6707,6708,6709,6710,6711,6712,6713,6714,6715,6716,6717,6718,6738,6739,6740,6741,6742,6743,6744,6745,6746,6747,6748,6749,6754,6755,6756,6757,6758,6759,6760,6761,6762,6763,6764,6765,6766,6767,6837,6838,6839,6840
6616,6631,6633,6634,6635,6636,6637,6638,6639,6640,6641,6646,6648,6652,6653,6655,6658,6661,6663,6691,6692,6693,6694,6696,6697,6698,6700,6701,6703,6704,6707,6713,6736,6737,6738,6739,6740,6741,6742,6743,6745,6750,6751,6752,6753,6754,6755,6758,6759,6760,6761,6764,6765,6797,6798,6806,6837,6838
4493,4494,4495,4496,4497,4498,4503,4504,4505,4506,4508,4515,4516,4517,4518,4519,4529,4530,4531,4532,4533,4534,4538,4539,4540,4541,4553,4556,4557,4558,4559,4569,4653,4657,4658,4659,4660,4664,4842,4843,6870,6871,6872
878,1137,1140,1163,1164,1165,1166,1208,1209,1210,1221,1222,1223,1277,1278,1353,1354,1514,1533,1534,3126,3127,3170,3172,4364,4365,4366,4367,4394,4397,4419,4420,4421,4449,4450,4623,4624,4625,4626,4649,4650,4651,4652,4693,4704,4705,4706,4707,4708,4709,4710,4760,4829,4834,4835,4836,4837,4924,4925,4926,4948,4970,4986,5004,5005,6547,6548,6552,6553,6556
4384,4385,4394,4395,4396,4397,4419,4420,4421,4422,4435,4436,4437,4438,4439,4440,4441,4442,4449,4450,4451,4452,4453,4454,4480,4625,4626,4627,4628,4629,4630,4707,4708,4834,4835,4838,4840,4841,4926,4928,4929,4988,4989
4432,4433,4434,4435,4436,4437,4438,4439,4440,4441,4442,4462,4463,4503,4504,4513,4514,4515,4516,4528,4530,4627,4628,4629,4630,4631,4632,4633,4657,4658,4659,4660,4670,4671,4672,4673,4840,4841,4929,4936,4988,4989,6546
4333,4334,4335,4336,4358,4359,4360,4361,4362,4363,4389,4390,4391,4392,4393,4430,4431,4443,4446,4447,4459,4645,4648,4711,4712,4745,4801,4802,4927,4949,4950,4971,4972,4973,6549,6550,6554,6555,6877
4335,4336,4358,4360,4361,4390,4391,4392,4393,4431,4432,4433,4434,4443,4444,4445,4446,4447,4456,4457,4459,4460,4461,4462,4463,4464,4465,4466,4467,4468,4507,4510,6546
4431,4432,4433,4434,4444,4445,4461,4462,4463,4464,4465,4466,4468,4494,4496,4497,4504,4507,4508,4510,4515,4516,4517,4518,4519,4520,4530,4531,4653,4657,4658,4659,4660,4670,4671,4672,4673,4840,4841,4936,6546
4358,4360,4361,4362,4363,4392,4393,4394,4395,4396,4397,4431,4432,4433,4434,4436,4437,4440,4443,4445,4446,4463,4627,4628,4630,4645,4646,4670,4671,4707,4757,4838,4839,4840,4841,4971,4972,6546
4353,4354,4359,4362,4363,4398,4399,4400,4401,4418,4645,4647,4648,4690,4691,4692,4711,4758,4759,4801,4802,4923,4927,4949,4950,4951,4952,4969,4972,4973,4983,4984,4985,4987,5262,5263,5264,5266,6549,6554,6555,6873,6877
4360,4361,4362,4363,4364,4365,4366,4367,4393,4394,4395,4396,4397,4401,4449,4450,4628,4645,4646,4647,4648,4650,4651,4707,4708,4709,4710,4757,4758,4759,4834,4835,4838,4839,4924,4925,4948,4951,4952,4970,4971,4972,4973,4987,6552,6553,6555,6556
878,879,880,881,912,913,1166,1207,1208,1209,1275,1276,1338,1339,1497,3142,3143,3144,3145,3146,3147,3148,3149,3510,4348,4349,4350,4351,4364,4365,4366,4367,4398,4399,4400,4401,4648,4650,4651,4690,4691,4692,4693,4758,4759,4814,4815,4924,4925,4951,4952,4969,4987,6555,6562,6563,6564,6565
5470,5473,5546,5575,5576,5710,5711,5712,5728,5749,6159,6160,6161,6162,6163,6164,6165,6166,6167,6168,6169,6170,6171,6172,6173,6174,6175,6176,6177,6178,6179,6180,6181,6182,6183,6184,6185,6186,6187,6188,6189,6190,6191,6192,6193,6194,6195,6196,6197,6198,6199,6200,6201,6202,6203,6204,6205,6206,6207,6208,6209,6210,6211,6212,6213,6214,6215,6216,6217,6218,6219,6220,6221,6222,6223,6224,6225,6226,6227,6228,6229,6230
4091,4092,4093,4122,4123,4124,4125,4161,4162,4163,4258,4259,4685,4816,4817,4818,4819,4872,4873,4874,4875,4876,4877,4878,4879,4880,4888,4889,4901,4902,4979,4980,4981,4982,5009,5013,5014,5293,5303,5304,5305,5321,5323,5331,5332,5333,5334,5335,5357,5358,5359,6281,6467,6468,6469
4072,4075,4076,4077,4078,4079,4080,4091,4092,4094,4095,4096,4097,4123,4124,4188,4189,4198,4199,4269,4270,4271,4720,4721,4722,4723,4724,4771,4772,4773,4774,4775,4776,4777,4778,4779,4780,4781,4796,4797,4798,5006,5269,5282,5285,5305,5310,5322,5323,5324,5325,5333,5334,5342,5354,5355,5356,5357,5358,5359,5360,6467,6468,6469
4090,4091,4092,4093,4110,4112,4113,4126,4127,4128,4129,4136,4137,4138,4139,4160,4161,4162,4163,4191,4192,4684,4685,4771,4772,4773,4774,4775,4776,4777,4778,4822,4823,4874,4875,4876,4877,4890,5007,5008,5013,5014,5226,5227,5228,5269,5303,5304,5305,5333,5334,5355,5356,5357,5358,5359,5360,6320,6322,6323,6324,6325,6326,6329,6330,6467
214,215,451,570,571,572,573,696,697,698,699,700,701,702,1299,1300,1308,1309,1331,1427,2812,2813,2872,3057,3059,3060,3061,3062,3067,3068,3073,3074,3078,3168,3169,3171,3665,3726,3727,3728,3729,3934,3942,4058,4059,4060,4061,4072,4073,4075,4076,4077,4078,4079,4183,4184,4185,4186,4187,4188,4189,4190,4779,4780,4781,4782,4787,4788,4789,4799,4800,4807,4900,6273,6274,6333,6496,6497,6502
3654,3655,3657,3658,3659,3660,3661,3662,3663,3664,3665,3685,3686,3687,3715,3718,3719,3720,3721,3722,3723,3726,3727,3728,3729,3730,3731,3735,3796,3797,3807,3808,3809,3810,3811,3816,3817,3818,3934,3935,3943,4058,4060,4061,4072,4073,4074,4075,4076,4077,4094,4095,4096,4097,4189,4190,4230,4305,4306,4307,4308,4309,4720,4761,4762,4779,4780,4781,4787,4788,4789,4792,4793,4799,4800,4807
247,248,411,412,414,444,3512,3513,3518,3644,3645,3647,3648,3670,3671,3672,3673,3674,3675,3676,3677,3678,3679,3680,3681,3682,3683,3688,3689,3704,3706,3707,3709,3759,3760,3761,3762,3770,3772,3783,3786
232,259,335,336,412,444,3163,3512,3513,3514,3515,3516,3517,3518,3519,3616,3617,3644,3645,3646,3647,3648,3667,3669,3670,3671,3672,3673,3674,3675,3676,3677,3700,3701,3703,3704,3705,3706,3744,3745,3746,3747,3759,3760,3770,3771,3772,3881,3882
3512,3513,3514,3515,3516,3517,3518,3519,3520,3521,3522,3523,3524,3525,3527,3528,3529,3530,3531,3555,3616,3617,3618,3619,3620,3621,3622,3623,3624,3625,3626,3627,3628,3629,3630,3631,3632,3633,3634,3635,3636,3647,3648,3667,3668,3669,3672,3673,3700,3701,3702,3703,3704,3705,3706,3745,3746,3748,3749,3750,3751,3752,3753,3754,3757,3758,3772,3773,3774,3775,3776,3777,3778,3842,3843,3844,3845,3846,3847,3855,3856,3861,3862,3863,3881,3882,3894,3908,3930,3931,3945,3946,6240,6241,6242,6243,6244,6245,6246,6247,6253,6254,6255,6256,6257,6258,6260,6261,6262,6263,6266,6267,6268,6271,6272,6275,6276,6277,6278,6279
3523,3524,3525,3526,3527,3530,3531,3552,3553,3555,3561,3562,3563,3564,3565,3566,3567,3568,3569,3570,3608,3609,3610,3611,3614,3649,3650,3651,3652,3653,3654,3655,3656,3657,3658,3659,3660,3661,3663,3666,3668,3685,3686,3687,3748,3749,3750,3751,3755,3756,3757,3773,3774,3775,3777,3778,3779,3780,3795,3807,3808,3810,3816,3843,3885,3886,3894,3908
55,56,58,60,61,62,102,103,142,143,144,148,150,174,214,215,282,283,284,285,295,296,306,307,308,309,333,334,415,416,451,461,571,572,1331,3045,3046,3049,3050,3051,3052,3057,3058,3059,3068,3161,3162,3567,3568,3569,3570,3572,3573,3574,3614,3615,3654,3655,3658,3661,3662,3663,3664,3665,3687,3726,3727,3728,3729,3794,3795,3796,3797,3807,3808,3816,3817,3818,3819,3839,3840,3910,3911,3942,3950,4060,4061,4807,6492,6493
3073,3078,4076,4077,4078,4079,4080,4081,4082,4083,4084,4085,4110,4111,4112,4113,4137,4138,4154,4155,4181,4182,4183,4184,4185,4186,4187,4188,4416,4417,4772,4773,4775,4776,4777,4778,4780,4781,4782,5006,5269,5360,6273,6274,6313,6314,6315,6317,6318,6319,6333,6501,6502
20,21,22,23,128,129,232,233,234,235,259,328,329,335,336,338,344,345,346,347,348,349,350,353,407,408,409,410,3163,3165,3515,3516,3517,3528,3529,3530,3531,3532,3533,3534,3535,3536,3538,3539,3548,3549,3550,3616,3617,3618,3619,3620,3621,3630,3631,3632,3633,3634,3635,3636,3637,3638,3639,3640,3641,3642,3643,3646,3739,3740,3741,3742,3743,3744,3745,3746,3747,3750,3751,3771,3838,3842,3844,3845,3846,3847,3848,3849,3850,3851,3852,3853,3854,3857,3858,3859,3860,3861,3909,3916,3930,3931,3947,6241,6244,6245,6246,6247,6248,6249,6250,6251,6252,6256,6259,6260,6261,6262,6263,6264,6265,6267,6268,6269,6270
60,61,75,76,77,78,278,279,280,281,291,292,293,294,415,416,442,443,1905,1906,1908,3046,3047,3048,3051,3052,3055,3056,3069,3070,3072,3161,3162,3166,3499,3527,3528,3530,3531,3536,3537,3552,3553,3554,3555,3556,3557,3558,3559,3560,3561,3562,3563,3564,3565,3566,3567,3568,3569,3570,3571,3572,3573,3574,3575,3576,3577,3578,3579,3580,3581,3582,3583,3584,3585,3586,3587,3588,3589,3590,3591,3592,3593,3594,3595,3596,3597,3598,3599,3600,3601,3602,3603,3604,3605,3606,3607,3608,3609,3610,3611,3612,3613,3614,3615,3654,3655,3748,3749,3750,3751,3755,3756,3787,3788,3789,3790,3791,3792,3793,3794,3795,3802,3803,3804,3805,3806,3841,3910,3911,3912,3913,3914,3915,3925,3936,3937,3948,3949,5366,5367,5368,6492,6493,6494,6495
693,694,697,698,930,931,1257,2812,2813,2852,2853,2854,2855,2872,3063,3064,3065,3066,3073,3074,3075,3078,3495,3496,3497,3498,3506,4083,4084,4181,4182,4183,4184,4185,4416,4417,4738,4739,6273,6274,6313,6314,6315,6316,6317,6333,6498,6499,6500,6501,6503
4082,4083,4084,4085,4098,4100,4101,4110,4111,4112,4113,4126,4127,4128,4129,4136,4137,4138,4139,4154,4155,4182,4192,4772,4775,4776,4826,4827,4828,4890,6314,6315,6317,6318,6319,6320,6321,6322,6323,6324,6325,6328,6329,6330,6477,6478,6479,6480,6481,6482,6483,6484,6485,6486,6487,6488,6489,6490,6491,6879
4087,4088,4102,4103,4104,4105,4140,4141,4146,4147,4148,4149,4157,4158,4172,4174,4175,4176,4177,4178,4179,4180,4408,4411,4412,4413,4414,4415,4426,4427,4676,4677,4678,4679,4686,4687,4688,4824,4893,4899,4955,4956,4958,5224,5225,6291,6292,6306,6307,6308,6342,6875,6878
4086,4087,4088,4089,4098,4099,4100,4101,4140,4141,4147,4148,4156,4157,4158,4159,4172,4173,4174,4175,4176,4177,4178,4179,4180,4414,4428,4429,4676,4677,4678,4679,4681,4682,4825,4826,4827,4828,4893,4894,4897,4898,6329,6330,6477,6478,6479,6480,6481,6482,6483,6484,6485,6486,6487,6488,6489,6490,6491
1348,2870,2871,3063,3075,3076,3077,3079,3497,3498,3506,4082,4083,4084,4088,4089,4141,4172,4173,4174,4175,4179,4180,4182,4413,4414,4417,4428,4429,4688,4737,4738,4739,4740,4824,4825,4826,4827,4828,6313,6314,6315,6316,6317,6318,6331,6332,6477,6478,6479,6488,6489,6498,6499,6500,6503
1325,1326,1330,3504,3509,3511,4104,4150,4151,4152,4153,4403,4405,4406,4407,4408,4409,4410,4411,4412,4413,4686,4687,4688,4805,4806,4808,4809,4810,4811,4820,4821,4899,4953,4954,4955,4958,6284,6291,6292,6306,6307,6309,6874,6875,6876
858,859,860,861,916,917,919,920,1203,1332,1334,1335,1336,1337,1767,1768,1769,2922,3500,3501,3503,3504,3507,3509,4341,4343,4344,4345,4346,4347,4402,4403,4404,4405,4406,4689,4806,4808,4809,4810,4811,4812,4813,4820,4821,5234,6284,6380,6381,6382,6384,6568,6569
864,1769,1805,1806,1807,2922,3152,3160,3503,3507,4343,4344,4345,4346,4347,4348,4350,4351,4353,4354,4398,4399,4400,4401,4404,4689,4690,4691,4692,4759,4814,4923,4969,4983,4985,5262,5263,5264,5265,5266,5267,5268,6379,6380,6381,6382,6384,6566,6567,6568,6569,6571,6573
4142,4143,4144,4150,4151,4152,4153,4166,4167,4193,4341,4342,4343,4345,4346,4403,4404,4405,4406,4424,4425,4689,4808,4811,4820,4821,4921,4922,4953,4954,5263,5264,6284,6291,6379,6380,6383,6384,6385,6386,6566,6567,6572,6573,6874,6876
4166,4167,4193,4297,4298,4303,4310,4311,4342,4343,4352,4353,4354,4355,4399,4418,4423,4425,4802,4921,4922,4923,4927,4983,4984,4985,5256,5257,5258,5259,5260,5261,5262,5263,5264,5266,6378,6379,6380,6383,6385,6386,6549,6554,6566,6567,6570,6572,6573
4102,4103,4104,4105,4106,4109,4118,4119,4120,4121,4142,4143,4144,4145,4149,4150,4152,4153,4193,4209,4424,4426,4427,4750,4803,4804,4899,4953,4954,4955,4956,4957,4958,4959,4960,4961,4962,4963,4964,5224,5225,6289,6290,6291,6292,6293,6300,6301,6306,6308,6342,6874,6875,6876,6878
4098,4099,4100,4101,4102,4106,4107,4108,4109,4130,4131,4132,4134,4135,4157,4176,4177,4192,4426,4427,4676,4677,4678,4679,4680,4681,4682,4683,4822,4823,4890,4893,4894,4895,4896,4897,4898,5223,5224,5225,5226,5230,6300,6308,6322,6324,6325,6326,6327,6328,6329,6330,6342,6411,6412,6485,6486,6490,6878
4118,4119,4120,4121,4142,4143,4144,4145,4150,4153,4164,4165,4166,4193,4208,4209,4285,4288,4290,4303,4304,4316,4317,4331,4332,4423,4424,4425,4803,4804,4921,4922,4954,4961,4962,4963,4964,5251,5253,5254,5255,5256,5257,5258,5259,5260,6289,6293,6374,6375,6377,6378,6383,6385,6570
4130,4131,4132,4133,4134,4135,4160,4163,4169,4170,4171,4192,4212,4224,4225,4226,4227,4228,4229,4241,4247,4248,4250,4251,4684,4685,4753,4765,4766,4767,4768,4769,4770,4822,4823,4874,4877,4890,4891,4892,4895,4896,5007,5008,5013,5014,5226,5227,5228,5229,5230,6324,6325,6326,6327,6328,6411,6412,6413,6414,6415
4106,4107,4108,4109,4130,4131,4132,4133,4134,4135,4210,4211,4212,4213,4224,4225,4250,4282,4283,4378,4379,4426,4427,4674,4675,4747,4748,4749,4750,4751,4752,4753,4895,4896,4959,4960,4961,4962,4963,4964,4966,4967,5223,5225,6285,6286,6290,6300,6301,6302,6303,6304,6308,6312,6342,6367
4120,4164,4208,4285,4288,4289,4290,4295,4296,4297,4298,4303,4304,4316,4317,4330,4331,4332,4372,4373,5249,5250,5251,5252,5253,5254,5255,5256,5257,5258,5259,6368,6369,6370,6371,6374,6375,6376,6377,6378,6389,6508,6510,6514,6524,6525,6533,6537
5033,5034,5035,5036,5041,5042,5043,5044,5049,5050,5062,5063,5064,5065,5066,5076,5077,5078,5080,5081,5082,5084,5085,5096,5097,5098,5099,5104,5114,5115,5116,5117,5118,5120,5121,5130,5131,5132,5133,5134,5152,5153,5161,5163,5164,5192,5193,5194,5197,5198,5211,5212,5213,5220,5375,5376,5377,6471
5442,5443,5444,5445,5446,5447,5448,5449,5450,5451,5452,5453,5454,5455,5456,5457,5458,5461,5467,5468,5469,5470,5471,5472,5473,5478,5479,5480,5481,5482,5483,5484,5485,5502,5503,5505,5506,5530,5531,5532,5533,5534,5536,5546,5547,5553,5554,5555,5556,5557,5574,5575,5576,5577,5580,5596,5611,5643,5645,5646,5672,5674,5682,5684,5685,5686,5687,5688,5690,5692,5697,5709,5710,5711,5712,5713,5714,5725,5726,5727,5728,5748,5749,6159,6160,6161,6162,6163,6164,6165,6166,6167,6168,6169,6170,6171,6172,6173,6174,6175,6176,6215,6216
5445,5450,5452,5453,5454,5455,5456,5457,5458,5460,5461,5471,5472,5488,5489,5490,5491,5498,5499,5500,5501,5502,5503,5504,5505,5506,5507,5510,5511,5516,5517,5518,5519,5528,5529,5535,5578,5579,5580,5583,5584,5585,5586,5587,5588,5589,5590,5591,5594,5595,5596,5598,5600,5601,5602,5603,5606,5607,5611,5617,5618,5619,5620,5621,5622,5623,5624,5625,5626,5627,5628,5629,5630,5638,5639,5640,5642,5647,5648,5659,5665,5666,5675,5677,5678,5680,5681,5683,5685,5719,5720,5721,5722,5723,5724,5729,5730,5731,5732,5735,5737,5738,5741,5750,5820,5821,5824,5825,5827,5828,5829,5830,5831,5832,5835,5840,5841,5842,5845,5847,5848,5849,5850,5861
5488,5489,5490,5491,5498,5499,5500,5501,5528,5529,5584,5585,5606,5607,5617,5618,5619,5620,5627,5628,5642,5647,5648,5665,5666,5676,5677,5678,5679,5680,5681,5693,5694,5706,5733,5734,5741,5742,5743,5744,5756,5757,5758,5759,5760,5761,5762,5763,5764,5765,5766,5767,5768,5769,5770,5771,5772,5773,5774,5775,5776,5777,5778,5779,5780,5781,5782,5783,5784,5785,5786,5787,5788,5789,5790,5791,5792,5793,5794,5795,5796,5797,5798,5799,5800,5801,5802,5803,5804,5805,5806,5807,5808,5809,5810,5811,5812,5813,5814,5815,5816,5817,5818,5821,5822,5823,5824,5825,5826,5829,5834,5835,5847,5860,5862,5863,5867,5869,5870,5871
5442,5443,5444,5445,5446,5450,5451,5453,5454,5456,5457,5458,5459,5460,5461,5462,5463,5464,5465,5466,5467,5468,5469,5471,5472,5502,5503,5504,5505,5506,5508,5509,5510,5511,5512,5513,5514,5515,5516,5517,5518,5519,5522,5525,5535,5536,5537,5538,5539,5540,5541,5547,5551,5553,5554,5555,5556,5557,5583,5593,5594,5595,5596,5597,5598,5599,5600,5602,5603,5610,5611,5612,5613,5631,5632,5633,5634,5635,5636,5637,5641,5643,5645,5646,5657,5659,5660,5661,5662,5671,5672,5673,5674,5675,5682,5684,5685,5686,5687,5688,5690,5698,5699,5701,5715,5725,5726,5729,5730,5731,5732,5736,5737,5746,5750,5752,6233,6234,6236,6237,6239
5379,5380,5381,5382,5383,5384,5385,5386,5387,5388,5389,5390,5391,5392,5393,5394,5395,5396,5397,5398,5399,5400,5401,5402,5403,5404,5405,5406,5410,5413,5417,5419,5420,5421,5422,5423,5424,5428,5430,5431,5433,5434,5440,5475,5476,5477,5478,5479,5480,5481,5482,5483,5486,5494,5495,5520,5521,5526,5527,5530,5532,5533,5534,5550,5551,5552,5553,5554,5556,5558,5559,5560,5561,5562,5563,5564,5565,5566,5567,5568,5569,5570,5571,5572,5573,5608,5609,5643,5644,5645,5646,5658,5662,5663,5664,5667,5668,5669,5670,5671,5672,5684,5687,5688,5689,5690,5691,5695,5696,5702,5703,5704,5705,5725,5726,5740,5747,6335
5017,5018,5020,5023,5025,5026,5027,5028,5047,5055,5056,5057,5058,5059,5060,5061,5160,5162,5210,5379,5380,5381,5382,5383,5384,5385,5386,5387,5388,5389,5390,5391,5392,5393,5394,5395,5397,5398,5400,5401,5402,5403,5404,5405,5406,5407,5408,5409,5410,5411,5412,5413,5414,5415,5416,5417,5418,5421,5422,5423,5424,5426,5427,5428,5429,5430,5431,5432,5439,5440,5441,5703,5705,6335
5015,5018,5019,5020,5021,5022,5023,5024,5025,5026,5027,5028,5029,5032,5040,5041,5042,5043,5044,5047,5048,5049,5050,5054,5055,5056,5057,5062,5063,5064,5065,5066,5067,5076,5077,5078,5081,5160,5161,5162,5195,5196,5197,5198,5211,5219,5376,5377,5407,5409,5411,5412,5414,5415,5418
5015,5016,5019,5037,5038,5039,5040,5041,5042,5043,5044,5045,5046,5050,5066,5067,5068,5069,5070,5071,5072,5073,5074,5075,5082,5083,5084,5085,5086,5087,5091,5092,5094,5095,5124,5125,5132,5135,5154,5155,5161,5163,5164,5168,5169,5170,5171,5199,5207,5211,5212,5221,5372,5373,5374,5375,5376
4714,4715,4716,4857,4858,4860,4861,4863,5034,5035,5036,5080,5081,5096,5097,5098,5099,5100,5101,5102,5103,5104,5105,5113,5114,5115,5116,5117,5130,5131,5136,5137,5138,5139,5140,5141,5152,5153,5172,5174,5175,5186,5187,5188,5189,5192,5193,5194,5200,5201,5202,5203,5204,5205,5214,5215,5216,5361,6471
4790,4795,4849,4852,4864,5045,5046,5082,5083,5084,5085,5086,5087,5088,5089,5090,5091,5108,5109,5110,5111,5118,5119,5120,5121,5122,5123,5124,5125,5132,5134,5135,5146,5148,5149,5150,5151,5163,5164,5165,5166,5167,5168,5169,5170,5171,5176,5177,5178,5179,5180,5181,5182,5184,5185,5207,5208,5209,5217,5218,5220,5221,5370,5371,5374,5375,5376
4115,4116,4267,4268,4278,4279,4280,4281,4714,4715,4716,4717,4744,4853,4854,4855,4856,4857,4858,4859,4860,4862,4863,4868,4869,4870,4871,4882,4883,4884,4886,4887,5100,5101,5104,5105,5106,5136,5138,5139,5140,5141,5142,5143,5144,5147,5153,5203,5204,5206
4114,4115,4116,4117,4276,4790,4795,4857,4868,4869,4870,4871,5036,5082,5101,5102,5104,5105,5106,5107,5108,5111,5114,5115,5116,5117,5118,5119,5120,5121,5122,5125,5132,5133,5134,5141,5142,5143,5144,5145,5146,5147,5148,5149,5152,5153,5163,5176,5177,5185,5203,5204,5206,5217,5218,5220
4114,4115,4116,4117,4266,4267,4276,4277,4790,4791,4794,4795,4816,4817,4819,4849,4850,4851,4854,4855,4868,4869,4870,4871,4873,4878,4879,4880,4881,4882,4883,4884,4885,4888,4889,4901,4902,4977,4978,4979,5009,5011,5012,5108,5143,5144,5145,5146,5148,5149,5176,5185,6280,6281,6282,6283,6355,6356
4116,4163,4168,4169,4170,4171,4204,4205,4257,4258,4259,4260,4265,4266,4267,4268,4272,4273,4275,4281,4685,4755,4756,4763,4764,4767,4768,4816,4853,4854,4855,4870,4871,4874,4875,4876,4877,4882,4883,4884,4885,4888,4889,4901,4902,4974,4979,5008,5009,5012,5013,5014,5228,5229,5326,5327,5328,5330,5331,5332,6280,6281
4122,4123,4124,4125,4791,4794,4816,4817,4818,4819,4850,4872,4873,4878,4879,4880,4881,4888,4889,4901,4911,4912,4913,4914,4915,4916,4917,4918,4977,4978,4980,4981,4982,5290,5292,5293,5305,5311,5314,5321,5332,5335,5336,5343,5344,6282,6283,6354,6355,6445
302,303,304,305,422,423,445,446,460,463,3164,3660,3661,3684,3685,3686,3687,3696,3697,3698,3699,3712,3713,3714,3715,3716,3717,3718,3719,3720,3721,3722,3723,3724,3725,3730,3731,3732,3733,3734,3735,3736,3737,3738,3767,3768,3769,3810,3811,3812,3813,3814,3815,3864,3887,3889,3890,3896,3897,3898,3899,3900,3901,3902,3917,3918,3919
384,385,413,3670,3671,3675,3678,3679,3680,3681,3682,3683,3688,3689,3690,3691,3692,3693,3694,3695,3707,3708,3709,3710,3711,3762,3763,3764,3765,3766,3781,3782,3783,3784,3785,3786,3888,3889,3890,3892,3896,3897,5231,5233,5240
3522,3523,3648,3667,3668,3669,3670,3671,3672,3673,3678,3679,3680,3681,3691,3692,3704,3706,3707,3708,3709,3710,3711,3757,3772,3782,3785,3870,3871,3872,3873,3874,3875,3876,3877,3878,3879,3880,3881,3882,3883,3884,3894,3895,3907,3908,3938,3939,3940,3941,3952,3953,3954,3955,3956,3957,3958,3959,3960,3961,3962,3963,3964,3965,3966,3967,3968,3969,3970,3971,3974,3975,3984,3985,3986,3987,4005,4012,4043,4044,4045,4047,4049,4050,4051,4052,4053,4054,4055,4056,4057,4062,4063,4064,4066,4067,4069,5231,5232,5233,5239,5240,5243,6880,6881,6882,6888,6889
3522,3523,3525,3649,3652,3656,3657,3658,3659,3660,3661,3666,3667,3668,3684,3685,3686,3687,3699,3712,3713,3714,3715,3717,3718,3732,3733,3735,3757,3777,3778,3779,3780,3807,3810,3811,3864,3865,3866,3867,3868,3869,3881,3884,3885,3886,3887,3894,3895,3899,3903,3904,3905,3906,3907,3908,3938,3939,3940,3941,3972,3973,3980,3981,3982,3983,3992,3993,3994,3995,3996,3997,3998,3999,4000,4001,4002,4003,4004,4005,4006,4007,4008,4009,4010,4011,4014,4016,4017,4018,4019,4020,4021,4022,4023,4024,4025,4026,4027,4028,4029,4030,4031,4069,4070,4071,5242
3690,3691,3692,3696,3697,3698,3699,3710,3711,3712,3713,3714,3717,3732,3733,3785,3864,3865,3870,3873,3884,3887,3888,3889,3890,3891,3895,3896,3897,3898,3899,3938,3939,3940,3941,3952,3953,3954,3955,3959,3961,3967,3968,3969,3970,3971,3974,3975,3976,3977,3978,3979,3980,3981,3982,3983,3984,3985,3986,3987,3988,3989,3990,3991,3992,3993,3994,3996,3997,3998,3999,4000,4001,4002,4003,4004,4005,4006,4007,4008,4009,4012,4013,4014,4015,4016,4017,4018,4020,4023,4024,4025,4026,4027,4028,4029,4030,4031,4032,4033,4034,4035,4036,4037,4038,4039,4040,4041,4042,4043,4044,4045,4046,4047,4048,4049,4050,4052,4053,4054,4055,4056,4057,4062,4063,4064,4065,4066,4067,4068,4069,4070,4071,5231,5232,5233,5235,5236,5237,5238,5239,5241,5242,6880,6881,6882,6883,6884,6885,6886,6887,6888,6889
4122,4123,4124,4125,4198,4199,4269,4270,4721,4722,4723,4724,4726,4797,4798,4913,4914,4915,5282,5283,5284,5285,5290,5291,5292,5293,5294,5305,5310,5311,5312,5313,5314,5321,5322,5323,5324,5325,5333,5334,5335,5336,5342,5343,5344,5346,5347,5354,6348,6349,6350,6351,6352,6353,6467,6468,6469,6470
3718,3719,3720,3721,3722,3723,3724,3725,3730,3731,3734,3920,3921,3943,4074,4075,4077,4094,4095,4096,4097,4198,4199,4230,4231,4232,4233,4235,4236,4269,4270,4271,4291,4292,4293,4294,4299,4300,4301,4302,4305,4306,4307,4308,4309,4312,4313,4314,4720,4724,4727,4761,4779,4786,4792,4793,4797,5006,5270,5271,5272,5274,5277,5278,5279,5281,5282,5283,5310,6338,6339,6340,6346,6347,6348,6431,6432
211,212,225,256,257,300,301,302,303,304,305,423,424,425,426,453,460,811,812,825,826,827,828,829,1219,1220,1301,1306,3012,3164,3470,3720,3722,3723,3724,3725,3731,3734,3736,3737,3768,3769,3812,3813,3814,3815,3918,3919,3920,3921,3944,4291,4292,4293,4299,4300,4301,4302,4312,4313,4314,4315,4702,4703,4783,4786,4792,6432
4197,4725,4726,4727,4728,4830,4831,4832,4911,4913,4914,5283,5284,5286,5287,5288,5289,5291,5292,5294,5301,5302,5311,5312,5313,5314,5315,5316,5317,5318,5320,5336,5343,5344,5345,5346,5347,5348,5349,5350,5351,5352,6349,6350,6351,6352,6353,6401,6402,6403,6404,6405,6406,6447,6448,6449,6455,6458,6459,6460,6461,6462,6463,6464
4094,4194,4195,4196,4197,4198,4218,4219,4220,4221,4222,4223,4232,4235,4269,4270,4271,4724,4725,4726,4727,4728,5270,5271,5272,5273,5274,5275,5276,5277,5278,5279,5280,5281,5282,5283,5284,5286,5287,5288,5289,5294,5310,5347,5348,6338,6339,6340,6341,6344,6345,6346,6347,6348,6349,6350,6428,6431
811,1216,1217,1219,1220,1301,1302,1303,1304,1305,1306,1753,1755,2875,2876,2877,2878,3012,3470,3471,4217,4218,4219,4220,4221,4222,4233,4234,4235,4236,4292,4293,4299,4300,4301,4302,4382,4696,4697,4698,4699,4700,4701,4702,4703,4783,4784,4785,4786,5222,5270,5271,5275,5276,5277,5278,5279,5280,5281,6336,6337,6338,6340,6341,6343,6344,6345,6346,6428,6431,6432
1754,1755,3015,3028,3029,3482,3508,4194,4195,4196,4214,4215,4216,4217,4218,4219,4220,4221,4222,4223,4237,4238,4240,4381,4382,4696,4697,4698,4701,4718,4719,4735,5222,5276,5295,5296,5297,6343,6390,6391,6392,6393,6394,6395,6396,6408,6409,6410,6422,6423,6424,6425,6426,6427,6428,6429,6430,6456,6457,6465,6466,6476
4194,4195,4196,4197,4201,4202,4218,4222,4223,4725,4728,4907,4910,4975,4976,5273,5276,5286,5287,5288,5289,5296,5297,5298,5299,5300,5301,5302,5320,5351,6393,6394,6395,6396,6397,6398,6399,6400,6401,6402,6403,6407,6408,6419,6420,6421,6422,6423,6424,6425,6426,6427,6428,6429,6430,6458,6459,6460,6462,6463,6464
251,252,253,254,255,272,274,384,385,390,391,398,399,400,413,445,446,457,3688,3690,3691,3692,3693,3694,3695,3696,3697,3698,3738,3762,3763,3764,3765,3766,3767,3781,3783,3784,3786,3888,3889,3890,3892,3893,3896,3897,3898,3900,3901,3902,3917
4263,4264,4741,4742,4791,4794,4795,4830,4831,4832,4833,4849,4850,4851,4862,4865,4866,4873,4880,4881,4911,4912,4913,4914,4915,4916,4917,4918,4977,4978,5010,5011,5292,5311,5314,5315,5318,5336,5343,5344,5349,5350,5365,6282,6283,6354,6355,6356,6357,6358,6359,6360,6405,6433,6434,6435,6436,6437,6438,6439,6440,6441,6442,6443,6444,6445,6446,6447,6448,6449,6450,6451,6452,6453,6454,6455,6461
4204,4205,4206,4207,4261,4262,4263,4264,4272,4273,4274,4275,4280,4281,4742,4743,4756,4763,4764,4830,4831,4832,4833,4887,4903,4904,4905,4906,5302,5306,5307,5308,5309,5319,5320,5328,5329,5330,5337,5338,5339,5341,5349,5350,5353,5362,5363,5364,6359,6360,6361,6362,6402,6403,6404,6405,6406,6433,6434,6435,6436,6437,6438,6439,6440,6442,6450,6451,6452,6453,6454,6455,6460,6461
4205,4265,4266,4267,4268,4272,4273,4274,4275,4278,4279,4280,4281,4714,4715,4716,4717,4741,4742,4743,4744,4763,4764,4853,4854,4855,4856,4857,4858,4859,4860,4861,4862,4863,4866,4870,4883,4884,4886,4887,4903,4904,4905,4906,5010,5328,5330,5363,5365,6357,6358,6359,6360,6433,6435,6436,6437,6439,6440
4714,4715,4716,4741,4744,4790,4794,4795,4849,4850,4851,4852,4860,4861,4862,4863,4864,4865,4866,4867,5010,5011,5108,5109,5136,5137,5138,5139,5148,5149,5150,5151,5166,5167,5174,5175,5176,5178,5179,5180,5181,5182,5183,5184,5185,5186,5187,5188,5189,5209,5215,5365,6282,6283,6356,6357,6358
5072,5073,5079,5080,5081,5087,5088,5089,5090,5091,5092,5093,5094,5095,5096,5097,5098,5099,5112,5113,5126,5127,5128,5129,5130,5135,5137,5165,5166,5167,5168,5169,5170,5171,5172,5173,5174,5175,5178,5179,5180,5181,5182,5183,5184,5186,5187,5188,5189,5193,5200,5202,5205,5207,5208,5214,5215,5221,5361,5370,5371,5372,5374,5378,6334
5021,5022,5024,5029,5030,5031,5032,5051,5052,5053,5054,5062,5064,5065,5068,5071,5072,5073,5074,5075,5077,5078,5079,5080,5081,5092,5093,5094,5095,5096,5097,5098,5099,5112,5113,5154,5155,5156,5157,5158,5159,5169,5190,5191,5193,5195,5196,5197,5198,5199,5219,5372,5373,5374,5378,5414,6334
5015,5016,5017,5018,5019,5020,5025,5027,5028,5037,5038,5039,5040,5047,5052,5053,5058,5059,5060,5061,5066,5067,5068,5069,5070,5071,5072,5074,5075,5154,5155,5156,5157,5158,5159,5160,5161,5162,5190,5199,5210,5211,5373,5400,5407,5408,5409,5422,5426,5427,5428,5429,5432,5437,5438,5439,5441
5021,5023,5024,5026,5029,5030,5051,5052,5053,5054,5055,5056,5057,5058,5061,5154,5155,5156,5157,5158,5159,5190,5195,5196,5219,5389,5390,5391,5392,5393,5394,5395,5396,5397,5398,5399,5400,5401,5402,5403,5410,5411,5414,5415,5416,5417,5418,5419,5420,5425,5426,5428,5429,5433,5434,5435,5436,5437,5438,5439,5440,5441,5703,5704,5747
5396,5397,5404,5405,5440,5464,5465,5467,5468,5474,5475,5476,5477,5478,5479,5480,5481,5486,5487,5492,5493,5494,5495,5496,5497,5512,5520,5521,5522,5523,5524,5526,5527,5537,5538,5539,5540,5541,5542,5543,5548,5549,5550,5551,5552,5553,5554,5555,5556,5558,5559,5560,5561,5562,5565,5566,5567,5568,5569,5571,5581,5582,5604,5605,5608,5609,5612,5631,5632,5633,5634,5637,5641,5643,5644,5645,5646,5653,5656,5657,5658,5660,5661,5662,5663,5664,5667,5668,5669,5670,5671,5672,5673,5674,5682,5684,5687,5690,5695,5698,5699,5700,5701,5715,5716,5717,5718,5725,5726,5740,5745,5746,6234,6235,6236,6239
5818,5819,5820,5821,5822,5823,5824,5825,5826,5827,5834,5835,5838,5839,5851,5852,5853,5854,5855,5856,5857,5858,5859,5860,5862,5863,5864,5865,5866,5867,5868,5869,5870,5871,5872,5873,5874,5875,5876,5877,5878,5879,5880,5881,5882,5883,5884,5885,5886,5887,5888,5889,5890,5891,5892,5893,5894,5895,5896,5897,5898,5899,5900,5901,5902,5903,5904,5905,5906,5907,5908,5909,5910,5911,5912,5913,5914,5915,5916,5917,5918,5919,5920,5921,5922,5923,5924,5925,5926,5927,5928,5929
5460,5461,5463,5516,5517,5518,5519,5592,5593,5594,5598,5602,5613,5615,5616,5636,5638,5640,5650,5651,5659,5675,5683,5707,5708,5723,5729,5730,5731,5732,5737,5738,5750,5752,5753,5754,5755,5818,5819,5820,5821,5822,5823,5824,5825,5826,5827,5828,5829,5830,5831,5832,5833,5834,5835,5836,5837,5838,5839,5840,5841,5842,5843,5844,5845,5846,5847,5848,5849,5850,5851,5852,5853,5854,5855,5856,5857,5858,5859,5860,5861,5862,5863,5864,5865,5866,5867,5930,5931,5932,5933,5934,5935,5936,5937,5938,5939,5940,5941,5942,5943,5944,5945,5946,5947,5948,5949,5950,5951,5952,5953,5954,5955,5956,5957,5958,5959,5960,5961,5962,5963,5964,5965,5966,5967,5968,5969,5970,5971,5972,5973,5974,5975,5976,5977,5978,5979,5980,5981,5982,5983,5984,5985,5986,6025,6026,6041
5930,5931,5932,5933,5934,5935,5938,5944,5948,5949,5961,5962,5963,5964,5965,5966,5967,5968,5969,5970,5973,5974,5975,5976,5977,5978,5979,5980,5981,5982,5983,5984,5985,5986,5987,5988,5989,5990,5991,5992,5993,5994,5995,5996,5997,5998,5999,6000,6001,6002,6003,6004,6005,6006,6007,6008,6009,6010,6011,6012,6013,6014,6015,6016,6017,6018,6019,6020,6021,6022,6023,6024,6025,6026,6027,6028,6029,6030,6031,6032,6033,6034,6035,6036,6037,6038,6039,6040
5460,5462,5463,5464,5465,5508,5512,5513,5514,5515,5516,5517,5518,5519,5522,5523,5524,5525,5538,5539,5540,5541,5542,5543,5544,5545,5592,5593,5597,5598,5599,5604,5605,5610,5613,5614,5615,5616,5631,5632,5633,5634,5635,5636,5637,5641,5649,5650,5651,5652,5653,5654,5655,5659,5675,5707,5708,5718,5729,5730,5732,5736,5737,5739,5750,5751,5752,5753,5754,5946,5947,5950,5951,5953,5954,5955,5956,5958,5971,5972,6041,6042,6043,6044,6045,6046,6047,6048,6049,6050,6051,6052,6053,6054,6055,6056,6057,6058,6059,6060,6061,6062,6063,6064,6065,6066,6067,6068,6069,6070,6071,6072,6073,6074,6075,6076,6077,6078,6079,6081,6082,6084,6085,6089,6092,6158,6231,6232,6233,6234,6235,6236,6237,6238,6239
6042,6043,6044,6045,6046,6047,6048,6049,6050,6051,6052,6053,6060,6061,6062,6063,6064,6065,6071,6072,6075,6076,6077,6078,6079,6080,6081,6082,6083,6084,6085,6086,6087,6088,6090,6091,6092,6093,6094,6095,6096,6097,6098,6099,6100,6101,6102,6103,6104,6105,6106,6107,6108,6109,6110,6111,6112,6113,6114,6115,6116,6117,6118,6119,6120,6121,6122,6123,6124,6125,6126,6127,6128,6129,6130,6131,6132,6133,6134,6135,6136,6137,6138,6139,6140,6141,6142,6143,6144,6145,6146,6147,6148,6149,6150,6151,6152,6153,6154,6155,6156,6157
4118,4119,4120,4164,4208,4209,4284,4285,4286,4287,4288,4289,4290,4316,4330,4331,4372,4373,4374,4375,4376,4674,4675,4732,4747,4748,4749,4750,4804,4959,4960,4961,4962,4963,4964,4966,5244,6285,6286,6294,6295,6296,6297,6302,6312,6370,6371,6372,6376,6387,6388,6389,6474,6544,6545
1248,1249,1250,1251,1782,1784,2826,2827,2837,2838,2913,2914,3018,3019,3020,3021,3022,3023,3024,3124,3173,3502,4253,4254,4374,4376,4694,4731,4732,4733,4734,4965,5244,5245,5246,6287,6288,6294,6295,6296,6297,6298,6299,6372,6373,6387,6388,6472,6473,6474,6545
4130,4133,4202,4210,4211,4212,4213,4224,4225,4226,4227,4228,4229,4241,4242,4243,4244,4245,4246,4247,4248,4249,4250,4251,4252,4282,4378,4379,4753,4765,4768,4769,4770,4907,4909,4910,4975,4976,5299,5300,6363,6364,6365,6366,6367,6413,6414,6415,6416,6417,6418,6419,6420,6421,6422
4168,4169,4170,4171,4200,4201,4202,4203,4204,4205,4206,4207,4229,4241,4242,4243,4244,4245,4248,4272,4275,4754,4755,4756,4763,4765,4767,4768,4769,4770,4904,4905,4975,4976,5228,5229,5298,5299,5300,5301,5302,5306,5307,5308,5309,5319,5320,5326,5327,5328,5329,5330,5337,5338,5340,5341,5353,6361,6362,6363,6364,6398,6399,6401,6402,6403,6404,6417,6419,6421,6422,6450,6458,6459,6460,6461
3016,3024,3173,4210,4211,4212,4213,4253,4254,4255,4256,4282,4283,4376,4377,4378,4379,4380,4675,4694,4695,4731,4732,4733,4734,4736,4747,4748,4749,4752,4965,4966,4967,4968,6285,6286,6287,6288,6294,6295,6296,6297,6298,6299,6302,6303,6304,6305,6310,6311,6312,6367,6472,6474,6545
4210,4211,4212,4213,4237,4240,4249,4250,4252,4282,4377,4378,4379,4380,4695,4718,4719,4735,4736,4907,4908,4909,4910,5295,5296,5297,5299,5300,6304,6305,6310,6365,6366,6367,6391,6392,6393,6394,6395,6396,6418,6419,6420,6421,6422,6423,6430
751,752,766,3014,3015,3016,3017,3025,3026,3173,3505,3508,4237,4238,4239,4240,4253,4254,4255,4256,4377,4378,4379,4380,4694,4695,4718,4719,4735,4736,5295,6298,6305,6310,6311,6390,6391,6392,6430,6456,6457,6466,6475,6476
3158,3484,4295,4296,4326,4327,4328,4329,4729,4730,4919,5249,5250,5252,6368,6369,6508,6509,6510,6514,6515,6517,6518,6521,6522,6523,6525,6526,6527,6528,6529,6530,6531,6532,6533,6534,6535,6536,6537,6538,6539,6540,6542,6543,6557,6558,6559,6560
1783,1784,3021,3158,3159,3484,4289,4326,4327,4328,4329,4330,4372,4373,4374,4375,4376,4729,4730,5244,5245,5246,5247,5248,5249,5252,6368,6369,6370,6371,6372,6373,6376,6387,6388,6389,6474,6521,6522,6523,6524,6525,6529,6530,6532,6533,6535,6536,6537,6542,6543,6544,6545
840,841,842,843,1246,1247,1779,1780,1781,1782,1783,1784,1785,2913,2914,2929,2930,3018,3019,3021,3022,3097,3098,3099,3106,3109,3112,3120,3121,3122,3123,3158,3159,3484,4326,4327,4328,4329,4729,4730,5244,5245,5246,5247,5248,6372,6373,6521,6522,6523
840,841,842,843,1246,1247,1780,1785,1786,1787,1789,2909,2910,2911,2912,3084,3085,3086,3090,3091,3097,3098,3099,3100,3101,3104,3105,3106,3107,3108,3109,3110,3111,3112,3113,3114,3115,3116,3117,3121,3122,3123,3136,3137,3138,3139,3158,3159
749,750,751,752,766,767,891,892,893,1212,1235,1236,1252,1253,1437,1834,1835,2849,2850,2931,2932,2933,2937,2950,2951,2970,2997,2998,3006,3007,3014,3015,3017,3025,3026,3027,3028,3505,3508,4238,4239,6390,6456,6466,6475,6476
709,727,728,730,731,734,735,749,750,892,895,896,1235,1236,1252,1253,1434,1435,1436,1437,1503,1504,1834,1835,1836,1837,1838,1839,2931,2932,2933,2934,2935,2936,2937,2938,2939,2940,2941,2948,2949,2950,2960,2961,2962,2963,2964,2965,2966,2967,2968,2969,2970,2971,2997,2998,3006
643,722,723,724,725,736,737,750,759,760,761,762,763,764,767,795,891,892,893,894,1211,1212,1235,1236,1252,1253,1270,1434,1435,1436,1437,1494,1834,1835,1836,1838,2843,2844,2849,2850,2906,2907,2908,2954,2955,2956,2957,2958,2959,2960,2961,2962,2963
750,751,765,766,767,768,795,891,892,893,894,1211,1212,1236,1248,1249,1250,1493,1494,1495,2826,2827,2837,2838,2842,2843,2844,2849,2850,3014,3016,3017,3020,3023,3024,3025,3173,3505,4239,4253,4254,4255,4256,4694,4695,6287,6298,6299,6311,6475
643,680,681,682,683,712,713,714,715,716,717,736,737,738,739,740,741,753,754,755,756,757,758,759,760,761,762,763,764,1271,1272,1273,1283,1284,1285,1286,1287,1288,1418,1419,1434,1435,1503,1504,1536,1537,1762,1837,1838,1839,1840,1841,1847,1868,1879,1880,2904,2905,2906,2907,2941,2954,2955,2956,2957,2958,2959,2960,2961,2962,2963,2964
796,797,798,799,801,802,845,886,887,888,889,890,1248,1251,1779,1780,1781,1782,1783,1784,1785,1787,2833,2836,2909,2910,2911,2912,2913,2914,2918,2928,2929,2930,3018,3019,3021,3022,3097,3098,3099,3100,3101,3114,3121,3122,3123,3124
795,796,797,798,799,801,887,888,889,890,894,1188,1189,1211,1248,1249,1250,1251,1264,1265,1266,1267,1491,1493,1494,1495,1496,2824,2825,2826,2827,2833,2834,2835,2836,2837,2841,2842,2843,2844,2851,2913,2914,2930,3018,3019,3020,3124
2581,2582,2583,2584,2585,2586,2587,2588,2589,2590,2591,2594,2599,2600,2601,2602,2603,2604,2610,2613,2614,2615,2616,2617,2618,2619,2620,2621,2622,2623,2624,2625,2626,2627,2629,2630,2631,2632,2633,2634,2635,2636,2637,2638,2639,2640,2641,2642,2643,2644,2645,2646,2647,2648,2649,2650,2651,2652,2653,2654,2655,2656,2657,2658,2659,2660,2661,2662,2663,2664,2665,2666,2667,2668,2669,2670,2671,2672,2673,2674,2675,2676,2677,2678,2679,2680,2681,2682,2683,2684,2685,2686,2687,2688,2689,2690,2691,2692,2693,2694,2695,2696
2469,2472,2473,2474,2475,2476,2477,2484,2486,2487,2500,2501,2502,2503,2504,2505,2506,2507,2508,2509,2512,2513,2514,2515,2516,2517,2518,2519,2520,2521,2522,2523,2524,2525,2526,2527,2528,2529,2530,2531,2532,2533,2534,2535,2536,2537,2538,2539,2540,2541,2542,2543,2544,2545,2546,2547,2548,2549,2550,2551,2552,2553,2554,2555,2556,2557,2558,2559,2560,2561,2562,2563,2564,2565,2566,2567,2568,2569,2570,2571,2572,2573,2574,2575,2576,2577,2578,2579
1999,2004,2055,2056,2057,2058,2131,2132,2133,2138,2141,2152,2153,2154,2173,2178,2190,2191,2198,2214,2222,2246,2247,2263,2268,2269,2270,2271,2276,2277,2289,2291,2292,2293,2294,2357,2358,2359,2360,2361,2362,2365,2366,2367,2368,2369,2370,2371,2372,2374,2375,2376,2377,2378,2379,2380,2381,2382,2383,2384,2385,2386,2387,2388,2389,2390,2391,2392,2393,2394,2395,2396,2397,2398,2399,2400,2403,2404,2405,2406,2469,2470,2471,2472,2473,2474,2475,2476,2477,2478,2479,2480,2481,2482,2483,2484,2485,2486,2487,2488,2489,2490,2491,2492,2493,2494,2495,2496,2497,2498,2499,2500,2501,2502,2503,2504,2505,2506,2507,2508,2509,2510,2511,2512,2513,2514,2515,2516,2517,2518,2519,2520,2521,2522,2523,2524,2525,2564,2565,2580
1999,2000,2001,2002,2003,2004,2047,2050,2051,2052,2053,2054,2055,2056,2057,2058,2061,2062,2063,2064,2076,2077,2078,2081,2082,2083,2084,2131,2132,2136,2137,2138,2143,2144,2149,2151,2152,2153,2154,2155,2171,2173,2174,2175,2176,2180,2188,2189,2190,2191,2193,2194,2198,2214,2246,2247,2268,2269,2271,2275,2277,2278,2289,2290,2291,2292,2293,2485,2488,2489,2490,2492,2493,2494,2495,2510,2511,2580,2581,2582,2583,2584,2585,2586,2587,2588,2589,2590,2591,2592,2593,2594,2595,2596,2597,2598,2599,2600,2601,2602,2603,2604,2605,2606,2607,2608,2609,2610,2611,2612,2613,2614,2615,2616,2617,2618,2621,2622,2623,2624,2628,2631,2697,2770,2771,2772,2773,2774,2775,2776,2777,2778
2357,2358,2359,2360,2361,2362,2363,2364,2365,2366,2373,2374,2376,2377,2390,2391,2392,2393,2394,2395,2396,2397,2398,2399,2401,2402,2403,2404,2405,2406,2407,2408,2409,2410,2411,2412,2413,2414,2415,2416,2417,2418,2419,2420,2421,2422,2423,2424,2425,2426,2427,2428,2429,2430,2431,2432,2433,2434,2435,2436,2437,2438,2439,2440,2441,2442,2443,2444,2445,2446,2447,2448,2449,2450,2451,2452,2453,2454,2455,2456,2457,2458,2459,2460,2461,2462,2463,2464,2465,2466,2467,2468
1981,1984,1997,1999,2000,2001,2002,2003,2004,2005,2006,2007,2008,2013,2014,2015,2016,2017,2020,2025,2026,2031,2032,2033,2034,2035,2036,2047,2049,2050,2051,2052,2053,2054,2061,2062,2063,2064,2065,2066,2075,2076,2077,2078,2079,2080,2081,2082,2083,2084,2087,2088,2090,2091,2092,2093,2094,2096,2097,2107,2120,2121,2136,2137,2143,2144,2149,2151,2170,2171,2172,2173,2174,2175,2176,2180,2182,2183,2184,2185,2192,2195,2196,2197,2198,2199,2200,2201,2202,2203,2207,2209,2210,2211,2212,2213,2221,2223,2227,2229,2237,2238,2239,2240,2254,2255,2256,2257,2264,2265,2275,2279,2284,2285,2772,2773,2774,2775,2776,2778
1926,1927,1928,1929,1930,1931,1932,1933,1934,1935,1936,1937,1938,1939,1940,1941,1942,1943,1944,1945,1956,1958,1959,1967,1972,1975,1979,2013,2014,2015,2016,2017,2018,2019,2020,2023,2025,2026,2031,2032,2033,2034,2035,2036,2059,2060,2065,2066,2071,2072,2073,2087,2088,2089,2090,2091,2092,2093,2096,2097,2098,2099,2100,2101,2102,2103,2104,2105,2106,2107,2108,2109,2110,2111,2120,2121,2147,2148,2196,2202,2203,2206,2207,2208,2209,2242,2243,2244,2254,2255,2264,2265,2284,2286
1552,1553,1554,1559,1560,1563,1582,1583,1584,1585,1586,1587,1588,1589,1590,1685,1686,1687,1688,1689,1690,1721,1726,1727,1750,1923,1925,1926,1927,1928,1929,1930,1931,1932,1933,1934,1935,1936,1937,1938,1939,1940,1941,1942,1943,1944,1945,1949,1950,1951,1952,1953,1954,1955,1956,1957,1958,1959,1960,1962,1963,1964,1965,1966,1967,1968,1972,1973,1974,1975,1976,1977,1978,1979,1980,2242,2243,2286,2874
1549,1552,1553,1560,1561,1562,1563,1568,1569,1570,1571,1582,1583,1584,1585,1589,1590,1591,1594,1599,1600,1601,1602,1603,1604,1605,1606,1609,1611,1612,1623,1624,1625,1626,1685,1686,1687,1688,1689,1690,1702,1721,1722,1726,1727,1728,1729,1730,1750,1911,1912,1913,1917,1953,1973,1974,1976,1977,1978,1980,2873
1576,1603,1606,1611,1616,1617,1618,1619,1620,1621,1622,1623,1624,1625,1626,1627,1628,1629,1643,1644,1655,1656,1657,1658,1659,1660,1666,1681,1696,1697,1698,1699,1700,1701,1702,1703,1704,1705,1706,1709,1710,1711,1712,1713,1714,1715,1720,1730,1732,1736,1738,1739,1740,1747,1752,1900,1909,1910,1911,1912,1917,2873
1231,1234,1387,1390,1391,1392,1566,1567,1611,1626,1627,1628,1629,1630,1631,1632,1633,1634,1635,1638,1643,1644,1645,1646,1657,1658,1659,1661,1662,1667,1668,1669,1670,1671,1672,1683,1684,1697,1703,1704,1705,1706,1709,1712,1714,1715,1717,1718,1719,1720,1723,1724,1725,1731,1732,1733,1734,1735,1736,1745,1746,1747,1900,1917,3013
788,789,1258,1259,1260,1261,1310,1311,1314,1315,1341,1376,1377,1378,1379,1387,1388,1389,1390,1391,1392,1393,1394,1399,1405,1406,1407,1408,1444,1445,1505,1506,1541,1542,1679,1680,1682,1709,1710,1714,1716,1719,1904,2821,2822,2895,2896,2897,2898,2899,2900,2978,2979,2980,2981,2982,2984
1355,1356,1357,1358,1438,1439,1440,1441,1442,1443,1444,1445,1505,1506,1542,1829,1830,1831,1832,1850,1851,1852,1853,1854,1855,1856,1857,1874,1875,1882,1883,1888,1889,2822,2895,2896,2897,2898,2899,2945,2946,2947,2978,2979,2980,2981,2982,2983,2984,2985,2986,2987,2988,2989,2990,2991,2992,2993,2994,2995,2996,3002
717,718,719,773,774,775,776,784,785,786,787,792,1258,1259,1260,1261,1355,1356,1357,1358,1389,1413,1414,1430,1431,1432,1433,1541,1542,1845,1846,1858,1869,1876,1877,1878,1888,1892,1901,1902,1903,1904,2897,2898,2899,2900,2901,2902,2903,2945,2974,2975,2976,2977,2978,2979,2980,2981,2982,2983,2991,2992,2993,2994,2995,2996,3002
184,185,186,187,200,201,202,203,204,205,212,220,221,223,224,225,226,252,253,255,257,300,301,302,303,304,305,386,387,388,389,390,391,394,395,396,397,398,399,400,422,423,424,445,446,457,460,463,3164,3738,3767,3814,3815,3901,3902,3917
158,161,166,167,168,169,170,171,176,178,179,180,181,182,183,184,187,196,197,198,199,249,251,252,253,254,255,269,270,271,272,273,274,384,385,386,387,388,389,390,391,394,395,396,398,400,413,457,1766,3764,3765,3786
706,707,708,709,730,731,732,733,734,735,781,782,895,1242,1243,1244,1245,1812,1813,1814,1815,1825,1826,1827,1828,1833,1885,1890,1891,2879,2880,2881,2885,2886,2887,2888,2889,2935,2938,2939,2940,2941,2942,2948,2949,2964,2965,2966,2967,2968,2969,2999,3000,3003,3004,3005
726,727,728,729,731,735,895,896,1213,1214,1216,1753,1754,1755,2877,2884,2931,2932,2950,2951,2966,2968,2969,2970,2971,2997,2998,3006,3007,3015,3026,3027,3028,3029,3471,3482,3508,4214,4215,4216,4217,4221,4238,4381,4382,4696,4697,4701,5222,6343,6390,6409,6410,6456,6457,6465,6466,6476
706,727,730,731,732,733,734,735,745,747,748,811,895,896,1213,1214,1215,1216,1217,1218,1220,1301,1302,1303,1304,1305,1306,1753,1754,1755,1812,1813,1814,1815,1816,1818,1819,1820,2875,2876,2877,2878,2879,2880,2881,2882,2884,2885,2886,2887,2888,2966,2968,2969,2971,3012,3471,4697,4700,4701,4783,4784,5222,6336
211,222,256,425,426,453,742,743,744,745,746,747,748,781,782,803,804,805,806,811,812,813,814,817,818,824,825,826,827,1219,1220,1244,1301,1302,1303,1304,1306,1312,1809,1810,1811,1814,1815,1816,1817,1818,1819,1820,2875,2879,2880,2881,2882,2886,2887,2888,2889,2972,2973,3012,3470,4702,4703,4783
712,713,714,715,716,717,718,719,755,773,774,1273,1357,1358,1432,1433,1503,1504,1826,1827,1828,1837,1838,1839,1840,1841,1845,1846,1847,1848,1854,1855,1856,1857,1858,1859,1868,1876,1877,1878,1879,1880,1884,1885,1888,1889,1890,1891,1892,1901,2902,2903,2904,2938,2939,2940,2941,2942,2943,2944,2945,2946,2947,2948,2949,2963,2964,2965,2991,2992,2995,2996,2999,3000,3001,3002,3003,3004,3005
781,782,783,1238,1239,1242,1243,1244,1245,1812,1814,1815,1821,1822,1823,1824,1825,1826,1827,1829,1830,1831,1832,1833,1849,1850,1851,1852,1853,1854,1855,1856,1857,1861,1862,1875,1881,1882,1883,1884,1885,1886,1887,1889,1890,1891,2879,2887,2888,2889,2890,2891,2892,2893,2894,2946,2947,2988,3003,3004,3010,3011
218,219,222,452,584,585,586,587,591,606,607,608,609,710,711,742,743,744,781,782,783,803,804,805,806,817,818,819,820,821,824,1237,1238,1239,1240,1244,1245,1279,1280,1297,1307,1312,1313,1316,1318,1535,1809,1810,1811,1815,1816,1817,1818,1821,1822,1823,1824,1849,2879,2880,2887,2888,2889,2972,2973
144,145,147,148,149,152,153,172,173,174,175,185,200,201,202,203,204,205,206,207,208,209,210,211,212,213,218,219,222,223,224,225,256,257,295,297,298,299,300,301,305,423,424,425,426,441,452,453,460,803,804,805,806,813,817,818,819,821,824,825,826,827,1279,1280,1312,1313,3164
591,606,608,609,634,635,636,637,710,711,781,783,1238,1239,1240,1241,1290,1291,1297,1316,1317,1318,1535,1808,1821,1822,1823,1824,1829,1830,1831,1832,1842,1849,1861,1862,1863,1864,1872,1873,1881,1893,1894,1895,1896,1897,1898,1899,2892,2893,3008,3009,3010,3011
155,157,166,167,168,178,179,180,181,184,187,194,195,196,197,198,199,220,221,245,260,269,270,273,360,361,366,367,368,369,370,371,372,373,374,375,376,377,378,379,380,386,388,389,392,393,394,395,396,397,405,406,447,448,449,450,464,465,466,467,468,469,470,471,472,473,474,475,476,477,478,479,480,481,482,483,486,487,488,489,490,491,492,493,494,495,496,497,498,499,500,501,502,503,504,505,506,509,510,516,517,518,519,524,525,527,528,530,535,536,537,538,541,542,544,545,546,547,548,549,550,551,552,553,554,555,556,557,558,559,560,561,562,563,564,565,566,567,568,569,574,575,576,577,578,579,580,581,582,583,1764,1765,1766,1770,1771,1772,1773,1774,1775,1776,1777,1778,3485,3486,3487,3488,3489,3490,3491,3492,3493,3494
144,145,146,147,148,149,154,157,172,173,174,175,184,185,200,201,202,203,205,220,221,223,224,245,266,267,268,295,299,360,361,362,363,364,365,377,378,381,382,383,388,389,392,393,394,396,397,401,402,403,404,405,406,447,448,449,450,484,485,489,490,491,492,493,494,495,504,505,506,507,508,509,510,511,512,513,514,515,516,517,518,519,520,521,522,523,525,526,527,528,529,530,531,532,533,534,535,536,537,538,539,540,541,542,543,544,545,546,547,548,549,550,581,582,583,1771,1776,1777,3487,3488,3489,3490
158,159,161,162,163,164,165,166,168,169,170,171,176,177,247,248,249,250,251,254,271,272,274,384,385,411,412,413,414,444,3674,3675,3677,3682,3683,3688,3689,3759,3760,3761,3762,3764,3783,3786
634,635,636,637,1340,1341,1342,1343,1399,1400,1405,1406,1407,1408,1415,1416,1429,1438,1439,1440,1441,1442,1443,1444,1445,1505,1506,1508,1509,1510,1829,1830,1831,1832,1842,1850,1851,1853,1860,1861,1864,1871,1874,1875,1881,1882,1883,2821,2822,2893,2895,2896,3008,3009,3010,3011
626,627,628,629,770,771,777,778,779,780,788,789,1310,1311,1314,1315,1340,1341,1343,1380,1381,1382,1383,1395,1396,1397,1398,1399,1405,1406,1407,1408,1409,1410,1411,1412,1415,1416,1428,1429,1505,1507,1538,1543,1673,1674,1675,1676,1677,1678,1679,1707,1716,1737,2819,2820,2821
626,629,1395,1398,1564,1565,1566,1567,1573,1574,1613,1614,1615,1616,1633,1634,1635,1636,1637,1638,1639,1640,1645,1646,1647,1648,1649,1650,1651,1652,1653,1654,1655,1661,1663,1664,1665,1672,1673,1674,1675,1676,1677,1678,1679,1683,1684,1694,1695,1707,1708,1716,1723,1725,1734,1735,1737,1743,1744,1748,1749,1751,1915,1916,3013
626,627,628,629,788,789,1310,1311,1314,1315,1376,1377,1378,1379,1391,1392,1393,1394,1613,1614,1615,1616,1617,1618,1619,1620,1621,1622,1639,1640,1641,1642,1649,1651,1652,1653,1654,1655,1656,1666,1675,1676,1677,1678,1679,1680,1681,1682,1694,1696,1697,1698,1700,1705,1707,1708,1709,1710,1711,1712,1713,1714,1715,1716,1719,1720,1738,1739,1740,1749,1752
680,681,682,683,716,717,718,719,740,753,755,756,769,770,771,772,777,778,779,780,784,785,786,787,791,792,1199,1271,1272,1273,1281,1282,1283,1284,1285,1286,1287,1288,1401,1402,1403,1409,1410,1411,1412,1418,1431,1432,1433,1502,1507,1536,1537,1538,1543,1544,1545,1761,1762,1865,1866,1867,1868,1869,1870,1879,1880,2902,2903
719,770,777,778,779,780,784,785,786,787,790,791,792,793,1231,1232,1233,1234,1258,1259,1260,1261,1281,1282,1380,1381,1382,1383,1384,1385,1386,1387,1388,1389,1390,1393,1396,1397,1398,1409,1410,1411,1412,1413,1414,1430,1431,1432,1433,1502,1543,1737,1869,1904,2899,2900,2901
629,790,793,1231,1232,1233,1234,1258,1259,1377,1380,1381,1382,1383,1384,1385,1386,1387,1388,1389,1390,1391,1392,1393,1394,1395,1396,1397,1398,1414,1541,1631,1632,1633,1634,1635,1636,1637,1638,1667,1668,1669,1670,1671,1672,1673,1674,1675,1676,1677,1678,1683,1709,1710,1714,1715,1717,1718,1719,1720,1734,1735,1737,1745,1904
1552,1555,1560,1561,1562,1564,1565,1566,1567,1572,1573,1574,1575,1579,1580,1581,1593,1594,1595,1596,1606,1607,1608,1609,1610,1611,1612,1623,1624,1625,1626,1627,1628,1629,1630,1643,1644,1646,1647,1661,1662,1663,1665,1684,1695,1722,1723,1724,1725,1726,1728,1729,1732,1733,1743,1744,1916,1917,2873,3013
1546,1548,1549,1550,1568,1569,1570,1571,1572,1573,1574,1575,1576,1577,1579,1580,1591,1596,1597,1598,1599,1600,1601,1602,1603,1604,1605,1606,1613,1614,1615,1616,1617,1618,1623,1624,1625,1650,1651,1654,1655,1663,1665,1666,1685,1691,1692,1694,1695,1700,1701,1702,1730,1738,1742,1743,1744,1752,1911,1912,1913,1914,1915,1916
1546,1547,1548,1549,1550,1551,1552,1553,1554,1555,1556,1557,1558,1559,1560,1561,1568,1569,1570,1571,1572,1573,1574,1575,1578,1579,1580,1581,1583,1586,1587,1588,1590,1591,1593,1594,1595,1596,1597,1598,1599,1601,1602,1608,1609,1691,1692,1693,1726,1727,1728,1729,1741,1742,1750,1916,1946,1948,1951,1952,1953,1955,1957
1546,1547,1548,1549,1550,1551,1554,1556,1557,1558,1559,1569,1570,1578,1586,1587,1588,1589,1590,1591,1592,1598,1599,1601,1602,1685,1686,1687,1690,1692,1693,1741,1918,1919,1920,1921,1923,1925,1939,1940,1942,1944,1946,1947,1948,1949,1950,1951,1952,1957,1960,1961,1962,1963,1965,1966,1967,1968,1971,1976,1977,1978,1980,2874
2027,2030,2037,2038,2039,2040,2067,2145,2146,2157,2205,2215,2216,2217,2218,2219,2220,2232,2233,2245,2272,2273,2280,2281,2282,2283,2295,2296,2297,2298,2299,2300,2301,2302,2303,2304,2305,2306,2307,2308,2309,2310,2311,2312,2313,2314,2315,2316,2317,2318,2319,2320,2321,2322,2323,2324,2325,2326,2327,2328,2329,2330,2331,2332,2333,2334,2335,2336,2337,2338,2339,2340,2341,2342,2343,2344,2345,2346,2347,2348,2349,2350,2351,2352,2353,2354,2355,2356
2027,2028,2029,2030,2037,2038,2039,2040,2043,2067,2068,2118,2119,2122,2123,2124,2125,2126,2127,2128,2129,2130,2133,2135,2141,2142,2145,2146,2156,2157,2158,2159,2160,2161,2162,2163,2164,2165,2166,2167,2168,2169,2177,2178,2179,2181,2186,2187,2204,2205,2214,2215,2216,2217,2218,2219,2220,2222,2232,2233,2245,2258,2259,2260,2261,2262,2263,2269,2270,2272,2273,2274,2280,2281,2282,2283,2289,2295,2296,2297,2298,2299,2300,2301,2302,2341,2342,2357,2358,2359,2360,2361,2362,2363,2364,2365,2366,2367,2368,2369,2370,2372,2373,2374,2377,2378,2379,2380,2381,2384,2385,2386,2387,2388,2389,2390,2396,2398,2399,2400,2401,2402,2406
1981,1982,1983,1984,1989,1990,1991,1992,1993,1994,1995,1996,1997,1998,1999,2000,2001,2002,2003,2004,2005,2006,2007,2008,2009,2010,2011,2012,2041,2042,2043,2044,2045,2046,2047,2048,2049,2050,2051,2054,2055,2056,2057,2058,2074,2075,2076,2086,2094,2095,2117,2118,2119,2122,2124,2125,2127,2128,2129,2130,2133,2134,2135,2136,2137,2138,2139,2140,2141,2142,2149,2150,2151,2160,2161,2162,2163,2164,2165,2168,2173,2177,2178,2179,2186,2187,2198,2199,2210,2212,2213,2214,2221,2222,2223,2224,2225,2258,2259,2260,2261,2262,2263,2266,2267,2268,2269,2270,2271,2274,2276,2277,2289,2293,2368,2369,2372,2379,2380,2381,2384,2387,2400
1918,1919,1920,1921,1922,1923,1924,1925,1926,1927,1928,1929,1930,1931,1934,1939,1940,1941,1943,1944,1945,1946,1947,1949,1950,1951,1952,1956,1957,1960,1961,1962,1963,1965,1966,1967,1968,1969,1970,1971,1979,2017,2018,2019,2020,2023,2033,2060,2065,2066,2071,2072,2073,2098,2102,2106,2107,2108,2109,2110,2111,2112,2182,2183,2184,2185,2196,2197,2200,2201,2202,2203,2206,2207,2208,2209,2210,2211,2223,2226,2227,2228,2229,2230,2234,2235,2241,2242,2244,2279,2874
1981,1982,1983,1984,1985,1986,1987,1988,1989,1990,1991,1992,1993,1995,1996,1997,2000,2005,2006,2007,2008,2009,2010,2011,2012,2017,2018,2019,2020,2021,2022,2023,2024,2041,2042,2049,2069,2070,2071,2072,2073,2075,2085,2086,2091,2092,2094,2095,2096,2097,2098,2111,2113,2114,2115,2116,2134,2150,2182,2183,2184,2210,2211,2212,2213,2221,2223,2224,2225,2226,2227,2228,2229,2231,2236,2248,2249,2250,2251,2252,2253,2264,2265,2266,2267,2287,2288,2698,2699,2700,2701,2702,2703,2704,2705,2706,2707,2708,2709,2710,2711,2713,2714,2715,2754,2755
631,632,676,677,720,721,796,798,799,800,801,802,807,815,816,830,831,844,845,846,886,887,1786,1787,1788,1789,1790,1791,1792,1793,1794,2909,2910,2911,2912,2915,2916,2917,2918,2919,2928,3086,3090,3100,3101,3111,3114
618,619,620,621,642,643,645,646,647,722,723,724,725,736,737,761,763,764,794,795,891,893,894,940,941,1188,1189,1211,1212,1264,1265,1266,1267,1268,1269,1270,1490,1493,1494,1495,1496,1756,2824,2825,2839,2840,2841,2842,2843,2844,2851,2908
618,619,620,621,642,643,644,645,646,647,723,724,725,736,737,738,739,740,741,761,763,764,940,941,1193,1194,1196,1197,1198,1199,1268,1269,1270,1283,1285,1286,1347,1417,1418,1419,1422,1423,1536,1537,1756,1758,1759,1760,1763,2864,2865,2866,2867,2952,2953,2954,2955,2956
619,620,630,631,632,633,655,676,677,720,721,796,797,798,799,800,801,802,830,831,844,845,886,887,890,1188,1189,1264,1265,1266,1267,1323,1324,1487,1488,1489,1490,1491,1492,2824,2828,2829,2836,2839,2840,2847,2851
676,677,807,808,809,810,815,816,822,823,830,831,846,866,867,868,937,939,1446,1449,1454,1786,1787,1788,1789,1790,1791,1792,1793,1794,1795,1796,1797,1798,2915,2916,2917,2919,2924,2927,3086,3154,3157
630,631,632,633,654,655,656,657,662,663,676,677,678,705,720,800,830,831,844,846,938,939,1323,1324,1448,1449,1481,1484,1485,1488,1492,1790,1793,1795,1796,1797,2829,2832,2915,2916,2917,2919,2924,2926,2927,3154,3157
614,615,616,617,618,619,620,621,630,633,646,655,656,659,690,940,941,1192,1193,1194,1264,1265,1269,1323,1324,1481,1483,1484,1485,1486,1487,1488,1489,1490,1492,1756,1757,1758,2828,2829,2830,2831,2832,2839,2840,2847,2851,2883,3480
602,603,604,610,611,638,639,640,641,648,649,672,673,674,675,703,704,740,772,1196,1197,1198,1199,1283,1285,1286,1346,1347,1401,1402,1403,1404,1417,1418,1419,1422,1423,1536,1537,1544,1545,1759,1760,1762,1763,1843,1844,1870,1898,2861,2862,2863,2864,2865,2866,2867,2868,2869,2952,2953
610,611,612,613,614,618,646,658,659,660,661,668,669,670,671,688,689,690,940,941,1190,1191,1192,1193,1194,1195,1196,1197,1420,1421,1422,1423,1424,1425,1756,1757,1758,1763,2861,2863,2864,2865,2867,2868,2869,2883,3034,3035,3037,3038,3039,3041,3043,3044
678,679,705,822,823,855,856,857,866,867,868,869,915,920,932,937,939,1203,1204,1448,1449,1450,1511,1512,1513,1795,1796,1797,1798,1799,1800,1801,1802,1803,2920,2921,2924,2925,2926,2927,3128,3133,3150,3151,3154,3155,3156,3157
654,655,656,657,662,663,664,665,678,679,705,855,856,857,861,916,918,919,920,921,922,923,924,938,939,1203,1324,1332,1333,1344,1345,1448,1449,1481,1482,1483,1484,1485,2823,2830,2831,2832,2920,2921,2924,2926,2927,3476,3477,3478
679,855,856,857,858,859,860,861,863,864,912,915,916,917,918,919,920,1203,1204,1205,1332,1335,1337,1345,1450,1768,1769,1801,1802,1803,1804,1805,1806,1807,2920,2921,2922,2923,2925,3150,3151,3152,3153,3155,3160,3503,3507,4344,4347,4350,4813,5267,5268,6381,6382,6568,6569
664,855,861,916,917,918,919,920,921,922,923,924,925,926,1201,1202,1325,1326,1327,1328,1330,1332,1333,1334,1335,1344,1345,1482,1767,2823,2831,2848,3476,3477,3478,3501,3504,3509,3511,4407,4410,4805,4806,4808,4809,4810,4811,5234,6309
652,684,685,691,692,921,924,925,926,927,928,929,1200,1201,1202,1254,1325,1328,1329,1330,1348,2846,2848,2870,2871,3076,3077,3079,3506,3511,4141,4175,4179,4180,4407,4408,4410,4411,4412,4413,4414,4415,4686,4687,4688,4805,4806,4824,6307,6309,6331,6332
598,599,600,601,652,653,658,659,660,661,668,669,670,671,684,685,686,687,688,689,690,691,692,927,928,929,942,943,1191,1200,1202,1254,1255,1256,1348,1349,1350,1351,1352,1420,1421,2846,2870,2871,3030,3031,3032,3033,3034,3037,3040,3041,3042,3043,3044
594,596,597,684,685,686,687,691,692,694,930,931,942,943,1254,1255,1256,1257,1348,1349,1350,1351,1352,2852,2853,2854,2855,2856,2857,2858,2870,2871,3030,3032,3033,3040,3042,3063,3064,3065,3066,3075,3076,3077,3496,3497,3498,3506,6331,6332,6498,6503
614,615,616,617,652,653,658,659,660,661,688,689,690,692,921,923,924,925,926,927,928,929,1191,1192,1200,1201,1202,1348,1426,1481,1482,1483,1484,1485,1486,1757,1758,2830,2831,2832,2845,2846,2848,2883,3476,3477,3478,3480
594,595,596,597,602,603,610,611,612,622,623,624,625,638,639,640,641,648,649,650,651,666,667,668,669,694,704,1289,1292,1293,1296,1350,1351,1352,1421,1424,2855,2856,2857,2858,2859,2860,2861,2862,2863,2864,2867,2868,2869,3030,3031,3032,3033,3034,3035,3036,3037,3038,3039,3040,3041,3042,3043,3044,3483
16,17,18,19,20,21,22,23,24,25,26,27,28,29,30,31,32,33,34,35,36,37,38,39,41,42,44,45,46,47,48,75,77,78,81,95,227,236,237,238,239,275,276,277,286,287,288,289,291,292,293,294,310,311,312,313,314,315,316,317,318,319,320,321,322,323,324,325,326,327,328,329,330,331,332,340,341,348,349,353,354,407,408,409,417,418,419,420,427,428,429,430,431,432,433,434,437,438,439,442,443,462,1907,1908,3047,3048,3053,3054,3055,3056,3071,3072,3166,3167,3528,3529,3530,3531,3532,3533,3534,3535,3536,3537,3538,3539,3540,3541,3542,3543,3544,3545,3546,3547,3548,3549,3550,3551,3554,3555,3556,3558,3559,3560,3607,3739,3748,3749,3750,3751,3787,3788,3789,3798,3799,3800,3801,3803,3804,3805,3806,3820,3821,3822,3823,3824,3825,3826,3827,3828,3829,3830,3831,3832,3833,3834,3835,3836,3837,3838,3847,3909,3912,3913,3914,3915,3922,3923,3924,3926,3927,3928,3929,3932,3933,3936,3937,3951,5368,5369,6495
0,1,2,3,4,5,6,7,8,9,10,11,12,13,16,17,18,19,20,21,22,23,26,41,104,105,106,107,108,109,110,111,112,113,114,115,116,117,118,119,120,121,122,123,124,125,126,127,128,129,130,131,133,134,135,155,156,157,188,189,190,191,192,193,227,228,229,230,231,232,233,234,235,236,237,238,239,240,241,242,246,259,261,262,263,264,265,335,336,338,339,340,341,342,343,344,345,346,347,348,349,350,351,352,353,354,355,356,357,358,359,407,410,421,435,436,454,455,456,2779,2780,2781,2782,2783,2784,2785,2786,2787,2788,2789,2790,2791,2792,2793,2794,2795,2796,2797,2798,2799,2800,2801,2802,2803,2804,2805,2806,2807,2808,2809,2810,2811,2814,2815,2816,2817,2818,3165
13,14,16,17,18,24,25,40,41,42,43,44,45,46,47,48,49,50,51,52,53,54,55,56,57,58,59,60,61,62,63,64,65,66,67,68,69,70,71,72,73,74,75,76,77,78,79,80,81,82,83,84,85,86,87,88,89,90,91,92,93,94,95,96,97,98,99,100,101,102,103,137,138,139,140,141,142,143,144,148,174,236,237,238,239,243,244,264,275,276,278,279,280,281,282,283,290,291,293,294,295,296,306,307,337,339,415,416,420,430,458,459,1905,1906,3045,3046,3047,3048,3051,3052,3070,3161,3162
588,589,590,591,592,593,594,595,596,597,622,623,624,625,666,667,693,694,695,696,697,698,699,700,930,931,1293,1295,1296,1299,1300,1808,2812,2813,2852,2854,2855,2856,2857,2858,2872,3064,3066,3067,3073,3074,3078,3171
0,1,2,3,4,5,6,7,132,133,134,135,136,158,159,162,163,164,165,171,177,188,232,233,234,235,247,248,250,258,259,335,336,411,412,444,3163,3165,3644,3646,3677,3744,3745,3747,3759,3760,3770,3771
8,9,10,11,12,13,14,15,40,41,49,52,54,56,113,137,138,139,140,141,142,143,144,145,146,147,148,149,154,155,156,157,172,173,174,175,236,237,238,239,243,244,245,261,262,263,264,265,266,267,268,295,296,306,339,363,364,377,378,381,382,392,393,402,405,406,484
0,2,3,6,7,8,9,10,11,134,135,136,155,156,157,158,159,160,161,162,163,164,165,166,167,168,169,170,171,176,177,188,191,192,193,194,195,196,197,245,246,260,269,270,271,273,368,371,372,374,375,376,377,378,379,380,392,393,405,447,450,472,1766,1775
570,571,572,573,584,585,586,587,588,589,590,591,592,593,606,607,608,609,696,697,699,700,701,702,710,711,742,817,818,819,820,821,1237,1279,1280,1294,1295,1297,1298,1299,1300,1307,1308,1309,1313,1316,1319,1320,1427,1535,1808,1899,2872,3061,3062,3067
142,143,144,145,147,148,149,150,151,152,153,172,174,175,206,207,214,215,216,217,218,283,284,285,295,296,297,298,299,306,307,308,309,333,334,440,441,451,452,570,571,572,573,586,587,702,819,821,1279,1280,1307,1308,1309,1313,1319,1320,1331,3057,3059,3068
588,589,590,591,592,593,595,602,603,604,605,609,622,623,624,625,637,639,640,641,648,649,650,651,666,673,674,675,710,1241,1289,1290,1291,1292,1293,1294,1295,1296,1316,1317,1318,1404,1535,1808,1842,1843,1863,1864,1872,1873,1893,1894,1895,1896,1897,1898,1899,3008,3009
603,604,634,635,636,637,673,674,675,769,770,771,772,780,1199,1340,1341,1342,1343,1399,1400,1401,1402,1403,1404,1405,1407,1408,1409,1410,1411,1415,1416,1428,1429,1507,1508,1509,1510,1538,1543,1544,1545,1761,1762,1842,1843,1844,1860,1865,1870,1871,1873,1897,1898,2819,2820,3008,3009
1991,2009,2010,2011,2012,2085,2086,2113,2114,2115,2116,2248,2249,2250,2251,2252,2253,2266,2267,2287,2288,2698,2699,2700,2701,2702,2703,2704,2705,2706,2707,2708,2709,2710,2711,2712,2713,2714,2715,2716,2717,2718,2719,2720,2721,2722,2723,2724,2725,2726,2727,2728,2729,2730,2731,2732,2733,2734,2735,2736,2737,2738,2739,2740,2741,2742,2743,2744,2745,2746,2747,2748,2749,2750,2751,2752,2753,2754,2755,2756,2757,2758,2759,2760,2761,2762,2763,2764,2765,2766,2767,2768,2769
862,863,864,865,881,912,913,914,915,1204,1205,1206,1275,1276,1338,1339,1450,1479,1480,1497,1802,1803,1804,1805,1806,1807,3142,3143,3144,3145,3146,3147,3152,3153,3155,3160,3510,4348,4349,4350,4351,4398,4691,4692,4814,4815,4969,5267,5268,6563,6564,6569
847,848,872,873,874,875,876,877,904,906,907,908,910,911,945,946,957,960,1142,1159,1160,1161,1162,1224,1225,1229,1274,1322,1365,1366,1367,1477,1478,1479,1480,1499,1500,1501,1516,3134,3479
869,872,875,912,913,914,915,932,1159,1160,1161,1204,1205,1206,1229,1275,1276,1322,1450,1477,1478,1479,1480,1497,1500,1501,1511,1512,1513,1516,1799,1801,1802,1803,3128,3133,3134,3150,3155,3475,3479
876,877,878,879,880,881,907,908,909,910,911,912,913,914,963,1159,1160,1161,1162,1165,1166,1207,1208,1209,1224,1225,1226,1227,1274,1275,1276,1360,1365,1366,1451,1452,1475,1479,1480,1497,1498,1499,1500,1516,3131,3132,3134,3135,3142,3147
877,906,907,909,910,911,945,946,947,948,950,951,952,953,955,956,960,961,975,976,977,978,1031,1032,1141,1142,1143,1144,1173,1174,1184,1185,1186,1187,1365,1366,1367,1368,1463,3125
947,948,955,961,975,976,977,978,1009,1010,1011,1012,1017,1018,1019,1020,1021,1022,1027,1029,1030,1031,1032,1033,1041,1043,1044,1045,1046,1143,1144,1145,1146,1147,1167,1171,1172,1173,1174,1184,1185,1186,1187,1368,1463,3125
847,848,849,850,872,873,874,875,876,877,902,903,904,905,906,907,945,946,947,948,957,958,959,960,961,971,972,973,974,975,976,977,978,979,980,982,1365,1366,3125
878,879,880,881,908,909,911,936,963,964,1137,1138,1139,1140,1161,1162,1163,1164,1165,1166,1207,1208,1209,1210,1221,1222,1223,1224,1225,1226,1227,1274,1275,1277,1278,1353,1354,1359,1360,1451,1452,1453,1475,1498,1514,1516,1533,1534,3126,3127,3131,3132,3135,3149,4364,4365,4366,4367,4649,4650,4693
907,908,909,910,911,935,936,946,949,950,951,952,953,954,955,956,963,964,965,966,1139,1141,1142,1143,1144,1224,1226,1227,1274,1359,1360,1365,1366,1367,1368,1453,1455,1456,1475,1518
807,808,809,810,822,823,847,850,866,867,868,869,872,932,937,1228,1229,1263,1321,1322,1446,1447,1454,1477,1478,1501,1511,1512,1513,1797,1798,1799,1800,3128,3129,3130,3133,3475,3479
847,848,849,850,851,854,872,873,874,875,902,903,904,905,944,957,959,971,973,1228,1229,1262,1263,1321,1322,1446,1447,1454,1477,1478,1501,3080,3129,3130,3479
1009,1010,1011,1012,1017,1018,1019,1020,1029,1030,1043,1044,1045,1046,1047,1048,1052,1053,1054,1055,1067,1070,1071,1072,1073,1085,1098,1102,1146,1147,1148,1149,1150,1151,1152,1167,1171,1172,1175,1176,1177,1178,1369,1370,3472,3473,3474
3223,3224,3225,3226,3229,3230,3250,3253,3255,3261,3263,3265,3267,3268,3269,3270,3271,3272,3274,3275,3276,3277,3278,3279,3280,3281,3282,3283,3284,3285,3286,3287,3288,3289,3290,3291,3296,3300,3301,3303,3304,3307,3308,3309,3310,3311,3313,3314,3315,3316,3317,3318,3337,3338,3340,3341,3342,3343,3344,3345,3346,3347,3348,3349,3354,3355,3356,3357,3358,3359,3360,3361,3362,3363,3365,3366,3437,3438,3439
3215,3216,3217,3218,3219,3220,3221,3222,3231,3232,3233,3234,3235,3236,3237,3238,3239,3240,3241,3242,3243,3244,3245,3247,3248,3249,3250,3251,3252,3253,3254,3255,3256,3261,3263,3291,3292,3293,3294,3295,3296,3297,3298,3299,3300,3301,3302,3303,3304,3307,3336,3337,3338,3339,3340,3341,3342,3350,3351,3352,3353,3354,3355,3358
3211,3212,3213,3214,3219,3220,3221,3222,3227,3228,3229,3230,3243,3244,3245,3246,3247,3248,3249,3250,3251,3252,3253,3254,3255,3256,3257,3258,3259,3260,3261,3262,3263,3264,3265,3266,3267,3268,3269,3270,3271,3272,3273,3274,3275,3276,3277,3278,3291,3296,3297,3298,3299,3300,3301,3302,3303,3304,3305,3306,3307,3308,3309,3310,3312,3313,3337,3338,3340,3341,3342,3352,3353,3354,3355,3358,3359,3360
3291,3292,3294,3296,3297,3300,3303,3304,3307,3313,3333,3334,3335,3336,3337,3338,3339,3340,3341,3342,3343,3344,3345,3350,3351,3352,3353,3354,3355,3358,3359,3360,3361,3364,3365,3366,3367,3370,3397,3398,3399,3400,3401,3402,3403,3404,3405,3406,3407,3408,3418,3437,3438,3439,3443,3444,3448
3307,3310,3313,3315,3316,3318,3334,3335,3341,3342,3343,3344,3345,3346,3347,3348,3349,3355,3356,3357,3358,3359,3360,3361,3362,3363,3365,3366,3367,3368,3369,3370,3371,3372,3373,3374,3379,3399,3400,3407,3408,3419,3420,3421,3437,3438,3439,3440,3441,3442,3443,3444,3445,3446,3447,3448,3469
3185,3188,3189,3190,3191,3204,3205,3206,3207,3208,3319,3321,3322,3323,3324,3325,3326,3327,3328,3329,3333,3334,3335,3366,3367,3368,3369,3370,3371,3372,3373,3374,3376,3377,3379,3380,3381,3399,3400,3469
3176,3177,3192,3193,3198,3199,3209,3210,3319,3320,3321,3322,3323,3324,3325,3326,3332,3333,3334,3335,3364,3365,3366,3367,3370,3397,3398,3399,3400,3401,3402,3403,3404,3405,3406,3407,3408,3409,3410,3411,3412,3414,3415,3416,3417,3418,3432,3433,3434,3469
3327,3328,3368,3369,3370,3371,3372,3373,3374,3375,3376,3377,3378,3379,3380,3381,3398,3402,3403,3404,3405,3406,3407,3408,3409,3410,3411,3412,3413,3414,3415,3417,3419,3420,3421,3422,3423,3429,3430,3431,3437,3438,3439,3440,3441,3442,3443,3444,3445,3446,3447,3448,3449,3450,3451,3452,3453,3454,3455,3456,3462,3464,3465,3469
1116,1119,1120,1121,1122,1123,1124,1127,1129,1130,1132,1133,1135,1136,1158,1374,1375,1532,3174,3175,3176,3177,3178,3179,3180,3181,3182,3183,3184,3185,3186,3187,3188,3189,3190,3191,3192,3193,3194,3195,3196,3197,3198,3199,3200,3201,3202,3203,3204,3205,3206,3207,3208,3209,3210,3319,3320,3321,3322,3323,3324,3325,3326,3327,3328,3329,3330,3331,3432,3433,3434,3435,3436
1104,1105,1106,1107,1109,1110,1119,1120,1121,1122,1123,1124,1125,1126,1127,1128,1129,1130,1131,1156,1157,1158,1373,1374,1375,1471,1472,1529,1531,1532,3174,3175,3176,3177,3178,3179,3180,3181,3182,3183,3184,3191,3192,3193,3194,3195,3196,3197,3206,3319,3320,3321
1075,1076,1094,1095,1112,1113,1114,1115,1116,1117,1118,1119,1120,1121,1126,1127,1128,1129,1130,1131,1132,1133,1134,1135,1136,1373,1374,1375,1465,1471,1472,1473,1474,3180,3181,3182,3184,3185,3186,3187,3188,3189,3190,3191,3206,3320,3321,3323
975,978,1002,1003,1004,1005,1006,1007,1008,1009,1010,1011,1012,1021,1022,1023,1030,1031,1033,1034,1035,1044,1045,1049,1051,1052,1053,1054,1064,1066,1067,1068,1069,1070,1071,1072,1073,1084,1085,1167,1179
904,905,945,948,958,959,960,961,969,971,972,973,974,975,976,977,978,979,980,981,982,983,984,985,986,1003,1007,1009,1021,1022,1023,1024,1031,1033,1034,1035,1037,1167,1168,1463,3125
870,871,897,898,899,900,933,934,935,936,949,950,963,964,965,966,967,968,1137,1138,1139,1140,1222,1227,1359,1360,1361,1362,1364,1453,1455,1456,1458,1475,1476,1514,1534,3126,3127
949,950,951,953,954,955,956,965,966,968,991,992,993,994,1013,1014,1017,1020,1025,1026,1027,1028,1039,1041,1042,1141,1143,1144,1145,1146,1147,1171,1172,1173,1174,1184,1185,1186,1368,1455,1456,1517,1518,1519,1520,1521
852,897,898,899,900,933,934,935,949,950,953,954,962,965,966,967,968,987,989,990,991,992,993,994,1025,1453,1455,1456,1457,1458,1459,1460,1461,1462,1517,1518,1519
807,808,809,810,815,816,822,823,850,944,1228,1262,1263,1321,1446,1447,1454,1786,1787,1788,1789,3080,3081,3083,3084,3085,3086,3090,3091,3093,3094,3101,3107,3108,3110,3111,3113,3115,3129,3130,3136,3137,3138
833,834,849,850,851,852,853,854,897,898,899,901,902,903,904,905,944,959,962,969,970,971,972,973,974,982,983,984,985,986,987,988,990,1230,1262,1263,1457,1458,1459,1460,1461,1462
979,981,982,983,984,985,988,995,996,997,998,999,1000,1001,1002,1003,1004,1005,1006,1007,1022,1023,1024,1026,1033,1034,1035,1036,1037,1038,1039,1040,1049,1050,1051,1061,1062,1063,1064,1065,1168,1169,1170
991,994,995,996,997,998,999,1000,1001,1002,1013,1014,1015,1016,1017,1018,1019,1020,1025,1026,1027,1028,1038,1039,1040,1041,1042,1048,1050,1056,1057,1058,1059,1060,1061,1062,1063,1145,1146,1147,1148,1149,1169,1171,1369,1519,1520,1521,1522,1523,1524
1052,1053,1054,1066,1067,1068,1070,1071,1072,1073,1077,1082,1083,1084,1085,1094,1095,1096,1097,1098,1099,1100,1101,1102,1103,1118,1175,1178,1179,1180,1181,1182,1183,1467,1468,1469,1470,1473
1056,1057,1070,1071,1072,1073,1074,1075,1076,1077,1078,1079,1086,1087,1088,1089,1094,1097,1098,1099,1100,1101,1102,1103,1106,1118,1150,1151,1152,1153,1154,1155,1157,1175,1176,1177,1178,1370,1371,1372,1373,1470,1525,3472,3473,3474
1074,1075,1076,1077,1086,1087,1088,1089,1094,1095,1097,1099,1100,1103,1104,1105,1106,1107,1112,1114,1115,1116,1117,1118,1119,1120,1121,1122,1123,1136,1154,1155,1156,1157,1158,1371,1372,1373,1374,1375,1470,3191,3320,3321
995,998,999,1013,1014,1015,1016,1017,1018,1019,1048,1050,1056,1057,1058,1059,1060,1061,1062,1063,1078,1079,1080,1081,1087,1090,1093,1146,1148,1149,1150,1151,1152,1153,1155,1175,1176,1177,1178,1369,1370,1522,1523,1524,1525,1526,1527,3472
1086,1087,1088,1089,1091,1092,1104,1105,1106,1107,1108,1109,1110,1111,1113,1122,1123,1124,1125,1126,1127,1128,1129,1130,1131,1132,1133,1134,1154,1156,1157,1464,1465,1466,1471,1472,1474,1528,1529,1530,1531,1532,3178,3180
1076,1077,1082,1083,1090,1091,1094,1095,1096,1097,1099,1100,1108,1109,1112,1113,1114,1115,1116,1117,1118,1126,1128,1131,1132,1133,1134,1135,1136,1180,1181,1182,1183,1464,1465,1466,1467,1468,1469,1470,1471,1472,1473,1474
1056,1060,1063,1065,1078,1079,1080,1081,1086,1087,1088,1089,1090,1091,1092,1093,1106,1107,1108,1109,1110,1111,1151,1153,1154,1155,1180,1181,1182,1183,1464,1465,1466,1467,1468,1469,1471,1473,1524,1525,1526,1527,1528,1529,1530
998,999,1000,1001,1002,1003,1004,1005,1006,1008,1049,1050,1051,1052,1053,1060,1061,1062,1063,1064,1065,1066,1067,1068,1069,1070,1080,1081,1082,1083,1084,1085,1090,1093,1096,1179,1180,1181,1182,1183,1464,1467,1468,1469,1524,1526,1527
832,833,834,835,837,849,850,851,852,853,854,883,884,902,944,1228,1230,1246,1262,1263,3080,3081,3082,3083,3084,3087,3088,3089,3091,3092,3093,3094,3095,3096,3103,3104,3105,3107,3108,3109,3110,3115,3116,3117,3129,3130,3136,3137,3138,3139
968,969,970,972,981,982,983,984,985,986,987,988,989,990,991,992,993,994,996,997,1000,1024,1025,1026,1036,1037,1038,1039,1040,1168,1169,1170,1457,1459,1460,1461,1462,1517,1519,1520,1521
832,833,834,835,836,837,838,839,851,852,853,854,870,871,882,883,884,885,897,898,899,900,901,933,934,962,967,1230,1262,1361,1458,1459,1476,1539,1540,3081,3082,3087,3088,3089,3095,3096,3102,3103,3104,3105,3116,3138,3139,4322,4323
836,837,838,839,840,841,842,843,882,883,884,885,1246,1247,1540,3088,3102,3104,3105,3106,3108,3109,3116,3117,3118,3119,3120,3138,3139,3140,3141,3158,3481,3484,4322,4326,4327,4329,4368,4369,4729,4730,6530,6539,6540,6541,6560,6561
3373,3374,3375,3376,3377,3378,3380,3381,3382,3383,3384,3385,3386,3387,3388,3389,3390,3391,3392,3393,3394,3395,3396,3409,3410,3411,3412,3413,3414,3415,3416,3417,3421,3422,3423,3424,3425,3426,3427,3428,3429,3430,3431,3445,3447,3449,3450,3451,3452,3453,3454,3455,3456,3457,3458,3459,3460,3461,3462,3463,3464,3465,3466,3467,3468
3176,3177,3182,3183,3185,3194,3195,3196,3198,3199,3200,3201,3202,3203,3204,3205,3206,3207,3210,3327,3328,3329,3330,3331,3374,3375,3376,3377,3378,3379,3380,3381,3382,3383,3384,3385,3386,3387,3388,3389,3390,3391,3392,3393,3394,3395,3396,3409,3410,3411,3412,3413,3414,3415,3416,3417,3432,3433,3434,3435,3436
